Data;Dolar,
01/06/2016;3,6126
02/06/2016;3,5961
03/06/2016;3,5409
06/06/2016;3,5098
07/06/2016;3,4745
08/06/2016;3,3898
09/06/2016;3,3817
10/06/2016;3,4261
13/06/2016;3,4533
14/06/2016;3,4839
15/06/2016;3,4768
16/06/2016;3,4904
17/06/2016;3,4372
20/06/2016;3,3835
21/06/2016;3,3897
22/06/2016;3,3883
23/06/2016;3,3533
24/06/2016;3,3772
27/06/2016;3,3934
28/06/2016;3,3267
29/06/2016;3,2435
30/06/2016;3,2098
01/07/2016;3,2298
04/07/2016;3,2480
05/07/2016;3,2904
06/07/2016;3,3242
07/07/2016;3,3388
08/07/2016;3,2968
11/07/2016;3,3031
12/07/2016;3,2750
13/07/2016;3,2896
14/07/2016;3,2311
15/07/2016;3,2656
18/07/2016;3,2634
19/07/2016;3,2801
20/07/2016;3,2512
21/07/2016;3,2585
22/07/2016;3,2854
25/07/2016;3,2819
26/07/2016;3,2790
27/07/2016;3,2820
28/07/2016;3,2740
29/07/2016;3,2390
01/08/2016;3,2662
02/08/2016;3,2490
03/08/2016;3,2733
04/08/2016;3,2183
05/08/2016;3,1859
08/08/2016;3,1771
09/08/2016;3,1503
10/08/2016;3,1302
11/08/2016;3,1364
12/08/2016;3,1602
15/08/2016;3,1672
16/08/2016;3,1749
17/08/2016;3,2248
18/08/2016;3,2215
19/08/2016;3,2267
22/08/2016;3,2163
23/08/2016;3,2054
24/08/2016;3,2372
25/08/2016;3,2319
26/08/2016;3,2153
29/08/2016;3,2613
30/08/2016;3,2525
31/08/2016;3,2403
01/09/2016;3,2472
02/09/2016;3,2431
05/09/2016;3,2721
06/09/2016;3,2452
08/09/2016;3,1934
09/09/2016;3,2638
12/09/2016;3,2854
13/09/2016;3,2972
14/09/2016;3,3262
15/09/2016;3,3326
16/09/2016;3,3004
19/09/2016;3,2636
20/09/2016;3,2540
21/09/2016;3,2408
22/09/2016;3,2015
23/09/2016;3,2242
26/09/2016;3,2400
27/09/2016;3,2358
28/09/2016;3,2476
29/09/2016;3,2235
30/09/2016;3,2462
03/10/2016;3,2338
04/10/2016;3,2203
05/10/2016;3,2359
06/10/2016;3,2310
07/10/2016;3,2134
10/10/2016;3,2125
11/10/2016;3,2136
13/10/2016;3,2087
14/10/2016;3,1864
17/10/2016;3,1963
18/10/2016;3,1874
19/10/2016;3,1800
20/10/2016;3,1605
21/10/2016;3,1593
24/10/2016;3,1311
25/10/2016;3,1193
26/10/2016;3,1219
27/10/2016;3,1429
28/10/2016;3,1815
31/10/2016;3,1811
01/11/2016;3,2053
03/11/2016;3,2310
04/11/2016;3,2449
07/11/2016;3,2024
08/11/2016;3,2024
09/11/2016;3,2258
10/11/2016;3,3104
11/11/2016;3,4377
14/11/2016;3,4446
16/11/2016;3,4183
17/11/2016;3,4052
18/11/2016;3,3917
21/11/2016;3,3517
22/11/2016;3,3476
23/11/2016;3,3927
24/11/2016;3,3987
25/11/2016;3,4279
28/11/2016;3,3996
29/11/2016;3,4060
30/11/2016;3,3967
01/12/2016;3,4362
02/12/2016;3,4650
05/12/2016;3,4598
06/12/2016;3,4354
07/12/2016;3,3895
08/12/2016;3,4008
09/12/2016;3,3858
12/12/2016;3,3697
13/12/2016;3,3340
14/12/2016;3,3103
15/12/2016;3,3830
16/12/2016;3,3712
19/12/2016;3,3778
20/12/2016;3,3586
21/12/2016;3,3297
22/12/2016;3,3302
23/12/2016;3,2696
26/12/2016;3,2701
27/12/2016;3,2776
28/12/2016;3,2774
29/12/2016;3,2591
30/12/2016;3,2591
02/01/2017;3,2729
03/01/2017;3,2632
04/01/2017;3,2333
05/01/2017;3,2129
06/01/2017;3,2057
09/01/2017;3,2097
10/01/2017;3,1918
11/01/2017;3,2154
12/01/2017;3,1661
13/01/2017;3,2034
16/01/2017;3,2234
17/01/2017;3,2100
18/01/2017;3,2211
19/01/2017;3,2113
20/01/2017;3,1918
23/01/2017;3,1609
24/01/2017;3,1649
25/01/2017;3,1690
26/01/2017;3,1804
27/01/2017;3,1596
30/01/2017;3,1316
31/01/2017;3,1270
01/02/2017;3,1479
02/02/2017;3,1196
03/02/2017;3,1241
06/02/2017;3,1179
07/02/2017;3,1304
08/02/2017;3,1255
09/02/2017;3,1185
10/02/2017;3,1155
13/02/2017;3,1175
14/02/2017;3,1004
15/02/2017;3,779
16/02/2017;3,510
17/02/2017;3,950
20/02/2017;3,918
21/02/2017;3,970
22/02/2017;3,824
23/02/2017;3,638
24/02/2017;3,993
01/03/2017;3,976
02/03/2017;3,1138
03/03/2017;3,1364
06/03/2017;3,1111
07/03/2017;3,1185
08/03/2017;3,1477
09/03/2017;3,1735
10/03/2017;3,1623
13/03/2017;3,1541
14/03/2017;3,1639
15/03/2017;3,1629
16/03/2017;3,1080
17/03/2017;3,1075
20/03/2017;3,898
21/03/2017;3,765
22/03/2017;3,939
23/03/2017;3,1248
24/03/2017;3,1282
27/03/2017;3,1256
28/03/2017;3,1303
29/03/2017;3,1229
30/03/2017;3,1247
31/03/2017;3,1684
03/04/2017;3,1167
04/04/2017;3,1231
05/04/2017;3,923
06/04/2017;3,1160
07/04/2017;3,1302
10/04/2017;3,1409
11/04/2017;3,1424
12/04/2017;3,1463
13/04/2017;3,1269
17/04/2017;3,1036
18/04/2017;3,958
19/04/2017;3,1294
20/04/2017;3,1453
24/04/2017;3,1251
25/04/2017;3,1577
26/04/2017;3,1847
27/04/2017;3,1763
28/04/2017;3,1984
02/05/2017;3,1724
03/05/2017;3,1489
04/05/2017;3,1780
05/05/2017;3,1764
08/05/2017;3,1938
09/05/2017;3,1857
10/05/2017;3,1606
11/05/2017;3,1559
12/05/2017;3,1290
15/05/2017;3,1011
16/05/2017;3,924
17/05/2017;3,1076
18/05/2017;3,3807
19/05/2017;3,2878
22/05/2017;3,2863
23/05/2017;3,2654
24/05/2017;3,2629
25/05/2017;3,2824
26/05/2017;3,2614
29/05/2017;3,2709
30/05/2017;3,2659
31/05/2017;3,2437
01/06/2017;3,2307
02/06/2017;3,2401
05/06/2017;3,2820
06/06/2017;3,2817
07/06/2017;3,2747
08/06/2017;3,2838
09/06/2017;3,2740
12/06/2017;3,2986
13/06/2017;3,3208
14/06/2017;3,2836
16/06/2017;3,2892
19/06/2017;3,2975
20/06/2017;3,3145
21/06/2017;3,3247
22/06/2017;3,3362
23/06/2017;3,3342
26/06/2017;3,3128
27/06/2017;3,3172
28/06/2017;3,3030
29/06/2017;3,2952
30/06/2017;3,3082
03/07/2017;3,3015
04/07/2017;3,3050
05/07/2017;3,3193
06/07/2017;3,3064
07/07/2017;3,2895
10/07/2017;3,2650
11/07/2017;3,2522
12/07/2017;3,2264
13/07/2017;3,2108
14/07/2017;3,1899
17/07/2017;3,1821
18/07/2017;3,1668
19/07/2017;3,1533
20/07/2017;3,1402
21/07/2017;3,1256
24/07/2017;3,1459
25/07/2017;3,1556
26/07/2017;3,1657
27/07/2017;3,1513
28/07/2017;3,1457
31/07/2017;3,1307
01/08/2017;3,1161
02/08/2017;3,1268
03/08/2017;3,1194
04/08/2017;3,1224
07/08/2017;3,1267
08/08/2017;3,1320
09/08/2017;3,1464
10/08/2017;3,1543
11/08/2017;3,1695
14/08/2017;3,1888
15/08/2017;3,1976
16/08/2017;3,1670
17/08/2017;3,1603
18/08/2017;3,1654
21/08/2017;3,1443
22/08/2017;3,1539
23/08/2017;3,1569
24/08/2017;3,1404
25/08/2017;3,1462
28/08/2017;3,1563
29/08/2017;3,1695
30/08/2017;3,1638
31/08/2017;3,1471
01/09/2017;3,1333
04/09/2017;3,1389
05/09/2017;3,1203
06/09/2017;3,1133
08/09/2017;3,908
11/09/2017;3,852
12/09/2017;3,1144
13/09/2017;3,1343
14/09/2017;3,1354
15/09/2017;3,1255
18/09/2017;3,1239
19/09/2017;3,1323
20/09/2017;3,1281
21/09/2017;3,1347
22/09/2017;3,1285
25/09/2017;3,1412
26/09/2017;3,1674
27/09/2017;3,1932
28/09/2017;3,1871
29/09/2017;3,1680
02/10/2017;3,1642
03/10/2017;3,1502
04/10/2017;3,1315
05/10/2017;3,1347
06/10/2017;3,1648
09/10/2017;3,1770
10/10/2017;3,1688
11/10/2017;3,1639
13/10/2017;3,1572
16/10/2017;3,1607
17/10/2017;3,1769
18/10/2017;3,1673
19/10/2017;3,1732
20/10/2017;3,1833
23/10/2017;3,2003
24/10/2017;3,2470
25/10/2017;3,2387
26/10/2017;3,2444
27/10/2017;3,2801
30/10/2017;3,2547
31/10/2017;3,2769
01/11/2017;3,2736
03/11/2017;3,2920
06/11/2017;3,2851
07/11/2017;3,2733
08/11/2017;3,2509
09/11/2017;3,2515
10/11/2017;3,2661
13/11/2017;3,2873
14/11/2017;3,2834
16/11/2017;3,2808
17/11/2017;3,2788
20/11/2017;3,2623
21/11/2017;3,2591
22/11/2017;3,2561
23/11/2017;3,2371
24/11/2017;3,2300
27/11/2017;3,2218
28/11/2017;3,2232
29/11/2017;3,2136
30/11/2017;3,2616
01/12/2017;3,2636
04/12/2017;3,2506
05/12/2017;3,2322
06/12/2017;3,2354
07/12/2017;3,2892
08/12/2017;3,2811
11/12/2017;3,2845
12/12/2017;3,3149
13/12/2017;3,3036
14/12/2017;3,3332
15/12/2017;3,3182
18/12/2017;3,2881
19/12/2017;3,2883
20/12/2017;3,2909
21/12/2017;3,3045
22/12/2017;3,3209
26/12/2017;3,3200
27/12/2017;3,3031
28/12/2017;3,3080
29/12/2017;3,3080
02/01/2018;3,2697
03/01/2018;3,2535
04/01/2018;3,2318
05/01/2018;3,2409
08/01/2018;3,2357
09/01/2018;3,2397
10/01/2018;3,2467
11/01/2018;3,2301
12/01/2018;3,2197
15/01/2018;3,1963
16/01/2018;3,2219
17/01/2018;3,2324
18/01/2018;3,2129
19/01/2018;3,2087
22/01/2018;3,1934
23/01/2018;3,2249
24/01/2018;3,1970
25/01/2018;3,1391
26/01/2018;3,1450
29/01/2018;3,1655
30/01/2018;3,1661
31/01/2018;3,1624
01/02/2018;3,1730
02/02/2018;3,2060
05/02/2018;3,2355
06/02/2018;3,2613
07/02/2018;3,2467
08/02/2018;3,2692
09/02/2018;3,2821
14/02/2018;3,2536
15/02/2018;3,2208
16/02/2018;3,2381
19/02/2018;3,2347
20/02/2018;3,2507
21/02/2018;3,2555
22/02/2018;3,2598
23/02/2018;3,2417
26/02/2018;3,2351
27/02/2018;3,2383
28/02/2018;3,2449
01/03/2018;3,2620
02/03/2018;3,2614
05/03/2018;3,2582
06/03/2018;3,2246
07/03/2018;3,2318
08/03/2018;3,2518
09/03/2018;3,2496
12/03/2018;3,2606
13/03/2018;3,2492
14/03/2018;3,2584
15/03/2018;3,2859
16/03/2018;3,2905
19/03/2018;3,2911
20/03/2018;3,2981
21/03/2018;3,2921
22/03/2018;3,3033
23/03/2018;3,3041
26/03/2018;3,3034
27/03/2018;3,3256
28/03/2018;3,3380
29/03/2018;3,3238
02/04/2018;3,3104
03/04/2018;3,3139
04/04/2018;3,3538
05/04/2018;3,3196
06/04/2018;3,3666
09/04/2018;3,3903
10/04/2018;3,4195
11/04/2018;3,4052
12/04/2018;3,3858
13/04/2018;3,4105
16/04/2018;3,4263
17/04/2018;3,4041
18/04/2018;3,3844
19/04/2018;3,3977
20/04/2018;3,4101
23/04/2018;3,4421
24/04/2018;3,4667
25/04/2018;3,5040
26/04/2018;3,4977
27/04/2018;3,4676
30/04/2018;3,4811
02/05/2018;3,5424
03/05/2018;3,5484
04/05/2018;3,5308
07/05/2018;3,5458
08/05/2018;3,5788
09/05/2018;3,5943
10/05/2018;3,5566
11/05/2018;3,5716
14/05/2018;3,6097
15/05/2018;3,6753
16/05/2018;3,6803
17/05/2018;3,6874
18/05/2018;3,7503
21/05/2018;3,7072
22/05/2018;3,6502
23/05/2018;3,6507
24/05/2018;3,6436
25/05/2018;3,6587
28/05/2018;3,7092
29/05/2018;3,7289
30/05/2018;3,7370
01/06/2018;3,7413
04/06/2018;3,7424
05/06/2018;3,7752
06/06/2018;3,8193
07/06/2018;3,9000
08/06/2018;3,7859
11/06/2018;3,6913
12/06/2018;3,7044
13/06/2018;3,7054
14/06/2018;3,7057
15/06/2018;3,7738
18/06/2018;3,7543
19/06/2018;3,7566
20/06/2018;3,7335
21/06/2018;3,7894
22/06/2018;3,7663
25/06/2018;3,7760
26/06/2018;3,7721
27/06/2018;3,8358
28/06/2018;3,8521
29/06/2018;3,8558
02/07/2018;3,9055
03/07/2018;3,8920
04/07/2018;3,9058
05/07/2018;3,9192
06/07/2018;3,9264
09/07/2018;3,8692
10/07/2018;3,8452
11/07/2018;3,8417
12/07/2018;3,8564
13/07/2018;3,8745
16/07/2018;3,8579
17/07/2018;3,8671
18/07/2018;3,8474
19/07/2018;3,8847
20/07/2018;3,7793
23/07/2018;3,7915
24/07/2018;3,7459
25/07/2018;3,7120
26/07/2018;3,7243
27/07/2018;3,7164
30/07/2018;3,7155
31/07/2018;3,7549
01/08/2018;3,7491
02/08/2018;3,7645
03/08/2018;3,7201
06/08/2018;3,7214
07/08/2018;3,7118
08/08/2018;3,7519
09/08/2018;3,8030
10/08/2018;3,8472
13/08/2018;3,8988
14/08/2018;3,8812
15/08/2018;3,9134
16/08/2018;3,8810
17/08/2018;3,9389
20/08/2018;3,9430
21/08/2018;3,9873
22/08/2018;4,740
23/08/2018;4,727
24/08/2018;4,854
27/08/2018;4,687
28/08/2018;4,1192
29/08/2018;4,1353
30/08/2018;4,1812
31/08/2018;4,1353
03/09/2018;4,1279
04/09/2018;4,1652
05/09/2018;4,1609
06/09/2018;4,1460
10/09/2018;4,1007
11/09/2018;4,1641
12/09/2018;4,1259
13/09/2018;4,1637
14/09/2018;4,1879
17/09/2018;4,1695
18/09/2018;4,1369
19/09/2018;4,1351
20/09/2018;4,997
21/09/2018;4,728
24/09/2018;4,594
25/09/2018;4,1286
26/09/2018;4,570
27/09/2018;4,92
28/09/2018;4,39
01/10/2018;4,273
02/10/2018;3,9505
03/10/2018;3,8542
04/10/2018;3,9047
05/10/2018;3,8699
08/10/2018;3,7588
09/10/2018;3,7391
10/10/2018;3,7510
11/10/2018;3,7460
15/10/2018;3,7332
16/10/2018;3,7079
17/10/2018;3,7008
18/10/2018;3,6963
19/10/2018;3,7079
22/10/2018;3,6903
23/10/2018;3,7080
24/10/2018;3,7060
25/10/2018;3,7014
26/10/2018;3,6753
29/10/2018;3,6368
30/10/2018;3,7019
31/10/2018;3,7177
01/11/2018;3,6973
05/11/2018;3,7048
06/11/2018;3,7492
07/11/2018;3,7592
08/11/2018;3,7391
09/11/2018;3,7506
12/11/2018;3,7478
13/11/2018;3,7792
14/11/2018;3,7924
16/11/2018;3,7525
19/11/2018;3,7553
20/11/2018;3,7591
21/11/2018;3,7872
22/11/2018;3,8103
23/11/2018;3,8081
26/11/2018;3,8655
27/11/2018;3,8925
28/11/2018;3,8631
29/11/2018;3,8568
30/11/2018;3,8633
03/12/2018;3,8285
04/12/2018;3,8313
05/12/2018;3,8561
06/12/2018;3,9178
07/12/2018;3,8964
10/12/2018;3,9110
11/12/2018;3,9013
12/12/2018;3,8629
13/12/2018;3,8790
14/12/2018;3,9090
17/12/2018;3,9121
18/12/2018;3,8997
19/12/2018;3,8907
20/12/2018;3,8443
21/12/2018;3,8671
24/12/2018;3,8855
26/12/2018;3,9258
27/12/2018;3,9330
28/12/2018;3,8748
31/12/2018;3,8748
02/01/2019;3,8595
03/01/2019;3,7683
04/01/2019;3,7627
07/01/2019;3,7062
08/01/2019;3,7208
09/01/2019;3,6931
10/01/2019;3,6869
11/01/2019;3,7141
14/01/2019;3,7260
15/01/2019;3,7049
16/01/2019;3,7197
17/01/2019;3,7591
18/01/2019;3,7486
21/01/2019;3,7705
22/01/2019;3,7615
23/01/2019;3,7994
24/01/2019;3,7815
25/01/2019;3,7626
28/01/2019;3,7676
29/01/2019;3,7370
30/01/2019;3,7151
31/01/2019;3,6519
01/02/2019;3,6694
04/02/2019;3,6756
05/02/2019;3,6741
06/02/2019;3,7019
07/02/2019;3,7193
08/02/2019;3,7184
11/02/2019;3,7391
12/02/2019;3,7296
13/02/2019;3,7277
14/02/2019;3,7756
15/02/2019;3,7155
18/02/2019;3,7316
19/02/2019;3,7206
20/02/2019;3,7100
21/02/2019;3,7595
22/02/2019;3,7430
25/02/2019;3,7285
26/02/2019;3,7595
27/02/2019;3,7351
28/02/2019;3,7385
01/03/2019;3,7832
06/03/2019;3,8303
07/03/2019;3,8487
08/03/2019;3,8678
11/03/2019;3,8461
12/03/2019;3,8129
13/03/2019;3,8265
14/03/2019;3,8327
15/03/2019;3,8344
18/03/2019;3,8111
19/03/2019;3,7762
20/03/2019;3,7897
21/03/2019;3,7967
22/03/2019;3,8815
25/03/2019;3,8770
26/03/2019;3,8646
27/03/2019;3,9389
28/03/2019;3,9682
29/03/2019;3,8967
01/04/2019;3,8682
02/04/2019;3,8661
03/04/2019;3,8436
04/04/2019;3,8713
05/04/2019;3,8622
08/04/2019;3,8658
09/04/2019;3,8563
10/04/2019;3,8345
11/04/2019;3,8399
12/04/2019;3,8685
15/04/2019;3,8730
16/04/2019;3,8913
17/04/2019;3,9225
18/04/2019;3,9370
22/04/2019;3,9230
23/04/2019;3,9436
24/04/2019;3,9630
25/04/2019;3,9725
26/04/2019;3,9353
29/04/2019;3,9364
30/04/2019;3,9453
02/05/2019;3,9650
03/05/2019;3,9388
06/05/2019;3,9624
07/05/2019;3,9880
08/05/2019;3,9344
09/05/2019;3,9673
10/05/2019;3,9578
13/05/2019;3,9890
14/05/2019;3,9788
15/05/2019;4,31
16/05/2019;4,138
17/05/2019;4,844
20/05/2019;4,1056
21/05/2019;4,810
22/05/2019;4,228
23/05/2019;4,513
24/05/2019;4,322
27/05/2019;4,210
28/05/2019;4,275
29/05/2019;3,9965
30/05/2019;3,9720
31/05/2019;3,9407
03/06/2019;3,9003
04/06/2019;3,8710
05/06/2019;3,8611
06/06/2019;3,8726
07/06/2019;3,8571
10/06/2019;3,8790
11/06/2019;3,8664
12/06/2019;3,8437
13/06/2019;3,8429
14/06/2019;3,8813
17/06/2019;3,8895
18/06/2019;3,8608
19/06/2019;3,8723
21/06/2019;3,8255
24/06/2019;3,8234
25/06/2019;3,8303
26/06/2019;3,8441
27/06/2019;3,8642
28/06/2019;3,8322
01/07/2019;3,8193
02/07/2019;3,8564
03/07/2019;3,8475
04/07/2019;3,7940
05/07/2019;3,8204
08/07/2019;3,8065
09/07/2019;3,7858
10/07/2019;3,7697
11/07/2019;3,7533
12/07/2019;3,7452
15/07/2019;3,7463
16/07/2019;3,7624
17/07/2019;3,7618
18/07/2019;3,7489
19/07/2019;3,7408
22/07/2019;3,7400
23/07/2019;3,7621
24/07/2019;3,7596
25/07/2019;3,7849
26/07/2019;3,7741
29/07/2019;3,7909
30/07/2019;3,7900
31/07/2019;3,7649
01/08/2019;3,8296
02/08/2019;3,8739
05/08/2019;3,9404
06/08/2019;3,9643
07/08/2019;3,9850
08/08/2019;3,9409
09/08/2019;3,9362
12/08/2019;3,9966
13/08/2019;3,9736
14/08/2019;4,74
15/08/2019;4,188
16/08/2019;3,9933
19/08/2019;4,274
20/08/2019;4,425
21/08/2019;4,254
22/08/2019;4,444
23/08/2019;4,851
26/08/2019;4,1367
27/08/2019;4,1557
28/08/2019;4,1559
29/08/2019;4,1680
30/08/2019;4,1385
02/09/2019;4,1581
03/09/2019;4,1657
04/09/2019;4,1249
05/09/2019;4,859
06/09/2019;4,650
09/09/2019;4,766
10/09/2019;4,1108
11/09/2019;4,631
12/09/2019;4,494
13/09/2019;4,616
16/09/2019;4,872
17/09/2019;4,998
18/09/2019;4,972
19/09/2019;4,1393
20/09/2019;4,1687
23/09/2019;4,1734
24/09/2019;4,1721
25/09/2019;4,1827
26/09/2019;4,1469
27/09/2019;4,1587
30/09/2019;4,1644
01/10/2019;4,1740
02/10/2019;4,1546
03/10/2019;4,1012
04/10/2019;4,610
07/10/2019;4,688
08/10/2019;4,868
09/10/2019;4,954
10/10/2019;4,1145
11/10/2019;4,1060
14/10/2019;4,1263
15/10/2019;4,1488
16/10/2019;4,1714
17/10/2019;4,1457
18/10/2019;4,1376
21/10/2019;4,1319
22/10/2019;4,858
23/10/2019;4,721
24/10/2019;4,89
25/10/2019;4,133
28/10/2019;3,9793
29/10/2019;3,9946
30/10/2019;4,186
31/10/2019;4,41
01/11/2019;3,9786
04/11/2019;3,9922
05/11/2019;4,43
06/11/2019;4,351
07/11/2019;4,927
08/11/2019;4,1365
11/11/2019;4,1559
12/11/2019;4,1756
13/11/2019;4,1767
14/11/2019;4,1831
18/11/2019;4,1827
19/11/2019;4,2084
20/11/2019;4,2037
21/11/2019;4,2012
22/11/2019;4,1832
25/11/2019;4,2089
26/11/2019;4,2559
27/11/2019;4,2602
28/11/2019;4,2480
29/11/2019;4,2240
02/12/2019;4,2261
03/12/2019;4,2008
04/12/2019;4,1926
05/12/2019;4,2136
06/12/2019;4,1783
09/12/2019;4,1503
10/12/2019;4,1427
11/12/2019;4,1153
12/12/2019;4,1092
13/12/2019;4,949
16/12/2019;4,801
17/12/2019;4,687
18/12/2019;4,548
19/12/2019;4,633
20/12/2019;4,777
23/12/2019;4,757
24/12/2019;4,813
26/12/2019;4,601
27/12/2019;4,545
30/12/2019;4,307
31/12/2019;4,307
02/01/2020;4,213
03/01/2020;4,522
06/01/2020;4,554
07/01/2020;4,841
08/01/2020;4,672
09/01/2020;4,744
10/01/2020;4,745
13/01/2020;4,1309
14/01/2020;4,1443
15/01/2020;4,1622
16/01/2020;4,1726
17/01/2020;4,1837
20/01/2020;4,1829
21/01/2020;4,2014
22/01/2020;4,1889
23/01/2020;4,1662
24/01/2020;4,1769
27/01/2020;4,2196
28/01/2020;4,2064
29/01/2020;4,2013
30/01/2020;4,2523
31/01/2020;4,2695
03/02/2020;4,2475
04/02/2020;4,2381
05/02/2020;4,2449
06/02/2020;4,2477
07/02/2020;4,3076
10/02/2020;4,3195
11/02/2020;4,3148
12/02/2020;4,3366
13/02/2020;4,3389
14/02/2020;4,3163
17/02/2020;4,3157
18/02/2020;4,3471
19/02/2020;4,3728
20/02/2020;4,3873
21/02/2020;4,3924
26/02/2020;4,4359
27/02/2020;4,4764
28/02/2020;4,4987
02/03/2020;4,4946
03/03/2020;4,4883
04/03/2020;4,5258
05/03/2020;4,6207
06/03/2020;4,6459
09/03/2020;4,7379
10/03/2020;4,6693
11/03/2020;4,6738
12/03/2020;4,8833
13/03/2020;4,7362
16/03/2020;4,9471
17/03/2020;5,496
18/03/2020;5,1107
19/03/2020;5,1444
20/03/2020;5,248
23/03/2020;5,805
24/03/2020;5,713
25/03/2020;5,706
26/03/2020;5,10
27/03/2020;5,1109
30/03/2020;5,1594
31/03/2020;5,1987
01/04/2020;5,2404
02/04/2020;5,2651
03/04/2020;5,2997
06/04/2020;5,2471
07/04/2020;5,2217
08/04/2020;5,2123
09/04/2020;5,779
13/04/2020;5,1824
14/04/2020;5,1858
15/04/2020;5,2579
16/04/2020;5,2377
17/04/2020;5,2573
20/04/2020;5,2837
22/04/2020;5,3847
23/04/2020;5,4467
24/04/2020;5,6510
27/04/2020;5,6358
28/04/2020;5,5683
29/04/2020;5,4291
30/04/2020;5,4270
04/05/2020;5,5816
05/05/2020;5,5354
06/05/2020;5,6676
07/05/2020;5,8365
08/05/2020;5,7653
11/05/2020;5,7954
12/05/2020;5,7723
13/05/2020;5,9022
14/05/2020;5,9372
15/05/2020;5,8229
18/05/2020;5,7375
19/05/2020;5,7216
20/05/2020;5,6968
21/05/2020;5,6019
22/05/2020;5,5808
25/05/2020;5,4772
26/05/2020;5,3707
27/05/2020;5,2992
28/05/2020;5,3405
29/05/2020;5,4263
01/06/2020;5,3639
02/06/2020;5,2601
03/06/2020;5,516
04/06/2020;5,1041
05/06/2020;4,9775
08/06/2020;4,9331
09/06/2020;4,9057
10/06/2020;4,8894
12/06/2020;5,373
15/06/2020;5,1883
16/06/2020;5,1285
17/06/2020;5,2499
18/06/2020;5,3468
19/06/2020;5,3466
22/06/2020;5,2226
23/06/2020;5,1705
24/06/2020;5,2435
25/06/2020;5,3287
26/06/2020;5,4629
29/06/2020;5,4416
30/06/2020;5,4760
01/07/2020;5,3651
02/07/2020;5,3028
03/07/2020;5,3374
06/07/2020;5,3085
07/07/2020;5,3318
08/07/2020;5,3482
09/07/2020;5,2978
10/07/2020;5,3440
13/07/2020;5,3486
14/07/2020;5,4288
15/07/2020;5,3491
16/07/2020;5,3560
17/07/2020;5,3510
20/07/2020;5,3635
21/07/2020;5,2283
22/07/2020;5,1111
23/07/2020;5,1647
24/07/2020;5,2146
27/07/2020;5,1889
28/07/2020;5,1777
29/07/2020;5,1395
30/07/2020;5,1837
31/07/2020;5,2033
03/08/2020;5,3075
04/08/2020;5,3329
05/08/2020;5,2760
06/08/2020;5,3431
07/08/2020;5,4227
10/08/2020;5,3933
11/08/2020;5,4285
12/08/2020;5,4551
13/08/2020;5,3801
14/08/2020;5,3852
17/08/2020;5,4497
18/08/2020;5,4659
19/08/2020;5,4906
20/08/2020;5,6510
21/08/2020;5,6064
24/08/2020;5,5954
25/08/2020;5,5997
26/08/2020;5,5680
27/08/2020;5,5956
28/08/2020;5,4679
31/08/2020;5,4713
01/09/2020;5,3732
02/09/2020;5,3741
03/09/2020;5,3079
04/09/2020;5,2848
08/09/2020;5,3698
09/09/2020;5,3024
10/09/2020;5,2936
11/09/2020;5,2854
14/09/2020;5,2984
15/09/2020;5,2728
16/09/2020;5,2532
17/09/2020;5,2593
18/09/2020;5,2889
21/09/2020;5,4440
22/09/2020;5,4329
23/09/2020;5,5311
24/09/2020;5,5714
25/09/2020;5,5667
28/09/2020;5,5858
29/09/2020;5,6528
30/09/2020;5,6407
01/10/2020;5,6441
02/10/2020;5,6464
05/10/2020;5,6299
06/10/2020;5,5205
07/10/2020;5,6018
08/10/2020;5,6200
09/10/2020;5,5393
13/10/2020;5,5859
14/10/2020;5,5675
15/10/2020;5,6172
16/10/2020;5,6226
19/10/2020;5,6023
20/10/2020;5,5830
21/10/2020;5,6006
22/10/2020;5,5820
23/10/2020;5,6120
26/10/2020;5,6328
27/10/2020;5,6491
28/10/2020;5,7325
29/10/2020;5,7803
30/10/2020;5,7718
03/11/2020;5,6895
04/11/2020;5,6932
05/11/2020;5,5624
06/11/2020;5,5313
09/11/2020;5,2821
10/11/2020;5,3696
11/11/2020;5,4020
12/11/2020;5,4094
13/11/2020;5,4854
16/11/2020;5,4198
17/11/2020;5,3968
18/11/2020;5,2932
19/11/2020;5,3330
20/11/2020;5,3505
23/11/2020;5,3828
24/11/2020;5,4037
25/11/2020;5,3508
26/11/2020;5,3201
27/11/2020;5,3494
30/11/2020;5,3317
01/12/2020;5,2789
02/12/2020;5,2267
03/12/2020;5,1625
04/12/2020;5,1706
07/12/2020;5,1018
08/12/2020;5,920
09/12/2020;5,1109
10/12/2020;5,852
11/12/2020;5,691
14/12/2020;5,578
15/12/2020;5,968
16/12/2020;5,1057
17/12/2020;5,612
18/12/2020;5,986
21/12/2020;5,1572
22/12/2020;5,1473
23/12/2020;5,1740
24/12/2020;5,1800
28/12/2020;5,2390
29/12/2020;5,1942
30/12/2020;5,1967
31/12/2020;5,1967
04/01/2021;5,1626
05/01/2021;5,3269
06/01/2021;5,3182
07/01/2021;5,3433
08/01/2021;5,3683
11/01/2021;5,4966
12/01/2021;5,4637
13/01/2021;5,3070
14/01/2021;5,2617
15/01/2021;5,2714
18/01/2021;5,2788
19/01/2021;5,2945
20/01/2021;5,3033
21/01/2021;5,3166
22/01/2021;5,4301
25/01/2021;5,5089
26/01/2021;5,3865
27/01/2021;5,3824
28/01/2021;5,4282
29/01/2021;5,4759
01/02/2021;5,4608
02/02/2021;5,3875
03/02/2021;5,3423
04/02/2021;5,3910
05/02/2021;5,3884
08/02/2021;5,3670
09/02/2021;5,4216
10/02/2021;5,4024
11/02/2021;5,3626
12/02/2021;5,3815
17/02/2021;5,4138
18/02/2021;5,4238
19/02/2021;5,3924
22/02/2021;5,5044
23/02/2021;5,4490
24/02/2021;5,4182
25/02/2021;5,4600
26/02/2021;5,5302
01/03/2021;5,5832
02/03/2021;5,6844
03/03/2021;5,7342
04/03/2021;5,6008
05/03/2021;5,6870
08/03/2021;5,7343
09/03/2021;5,8397
10/03/2021;5,7449
11/03/2021;5,5890
12/03/2021;5,5640
15/03/2021;5,6296
16/03/2021;5,5851
17/03/2021;5,6579
18/03/2021;5,5474
19/03/2021;5,5082
22/03/2021;5,5269
23/03/2021;5,4951
24/03/2021;5,5330
25/03/2021;5,6585
26/03/2021;5,7042
29/03/2021;5,7925
30/03/2021;5,7642
31/03/2021;5,6973
01/04/2021;5,6849
05/04/2021;5,6579
06/04/2021;5,6263
07/04/2021;5,5864
08/04/2021;5,5817
09/04/2021;5,6445
12/04/2021;5,6582
13/04/2021;5,7064
14/04/2021;5,6936
15/04/2021;5,6234
16/04/2021;5,6328
19/04/2021;5,5750
20/04/2021;5,5266
22/04/2021;5,4970
23/04/2021;5,4787
26/04/2021;5,4566
27/04/2021;5,4424
28/04/2021;5,4005
29/04/2021;5,3662
30/04/2021;5,4036
03/05/2021;5,4087
04/05/2021;5,4505
05/05/2021;5,3872
06/05/2021;5,2897
07/05/2021;5,2217
10/05/2021;5,2227
11/05/2021;5,2403
12/05/2021;5,2353
13/05/2021;5,2815
14/05/2021;5,2701
17/05/2021;5,2755
18/05/2021;5,2588
19/05/2021;5,2822
20/05/2021;5,2905
21/05/2021;5,3027
24/05/2021;5,3198
25/05/2021;5,3143
26/05/2021;5,3164
27/05/2021;5,2840
28/05/2021;5,2281
31/05/2021;5,2322
01/06/2021;5,1636
02/06/2021;5,1147
04/06/2021;5,666
07/06/2021;5,498
08/06/2021;5,489
09/06/2021;5,533
10/06/2021;5,635
11/06/2021;5,1190
14/06/2021;5,707
15/06/2021;5,874
16/06/2021;5,207
17/06/2021;5,359
18/06/2021;5,314
21/06/2021;5,373
22/06/2021;5,178
23/06/2021;4,9519
24/06/2021;4,9277
25/06/2021;4,9206
28/06/2021;4,9420
29/06/2021;4,9450
30/06/2021;5,22
01/07/2021;5,55
02/07/2021;5,293
05/07/2021;5,749
06/07/2021;5,1645
07/07/2021;5,2328
08/07/2021;5,2587
09/07/2021;5,2393
12/07/2021;5,2239
13/07/2021;5,1770
14/07/2021;5,880
15/07/2021;5,1000
16/07/2021;5,941
19/07/2021;5,1978
20/07/2021;5,2465
21/07/2021;5,2516
22/07/2021;5,1978
23/07/2021;5,1701
26/07/2021;5,1863
27/07/2021;5,1669
28/07/2021;5,1527
29/07/2021;5,682
30/07/2021;5,1216
02/08/2021;5,1379
03/08/2021;5,2464
04/08/2021;5,2091
05/08/2021;5,1464
06/08/2021;5,2410
09/08/2021;5,2774
10/08/2021;5,2217
11/08/2021;5,2013
12/08/2021;5,2351
13/08/2021;5,2474
16/08/2021;5,2495
17/08/2021;5,2585
18/08/2021;5,3025
19/08/2021;5,4180
20/08/2021;5,4274
23/08/2021;5,3686
24/08/2021;5,3017
25/08/2021;5,2465
26/08/2021;5,2429
27/08/2021;5,2200
30/08/2021;5,1952
31/08/2021;5,1433
01/09/2021;5,1576
02/09/2021;5,1735
03/09/2021;5,1685
06/09/2021;5,1773
08/09/2021;5,2524
09/09/2021;5,2825
10/09/2021;5,2158
13/09/2021;5,2190
14/09/2021;5,2260
15/09/2021;5,2576
16/09/2021;5,2594
17/09/2021;5,3103
20/09/2021;5,3332
21/09/2021;5,3044
22/09/2021;5,2783
23/09/2021;5,2891
24/09/2021;5,3435
27/09/2021;5,3478
28/09/2021;5,4206
29/09/2021;5,4173
30/09/2021;5,4394
01/10/2021;5,3911
04/10/2021;5,4204
05/10/2021;5,4611
06/10/2021;5,5097
07/10/2021;5,5140
08/10/2021;5,5084
11/10/2021;5,5161
13/10/2021;5,5471
14/10/2021;5,4988
15/10/2021;5,4510
18/10/2021;5,5193
19/10/2021;5,5521
20/10/2021;5,5571
21/10/2021;5,6423
22/10/2021;5,7117
25/10/2021;5,5973
26/10/2021;5,5800
27/10/2021;5,5667
28/10/2021;5,6124
29/10/2021;5,6430
01/11/2021;5,6694
03/11/2021;5,6672
04/11/2021;5,5942
05/11/2021;5,5455
08/11/2021;5,5627
09/11/2021;5,4957
10/11/2021;5,4590
11/11/2021;5,4171
12/11/2021;5,4199
16/11/2021;5,4772
17/11/2021;5,4993
18/11/2021;5,5470
19/11/2021;5,5584
22/11/2021;5,5841
23/11/2021;5,6456
24/11/2021;5,6027
25/11/2021;5,5740
26/11/2021;5,5865
29/11/2021;5,6118
30/11/2021;5,6199
01/12/2021;5,6168
02/12/2021;5,6345
03/12/2021;5,6432
06/12/2021;5,6877
07/12/2021;5,6411
08/12/2021;5,5779
09/12/2021;5,5564
10/12/2021;5,5931
13/12/2021;5,6357
14/12/2021;5,6461
15/12/2021;5,7127
16/12/2021;5,6963
17/12/2021;5,6959
20/12/2021;5,7055
21/12/2021;5,7372
22/12/2021;5,7201
23/12/2021;5,6910
24/12/2021;5,6591
27/12/2021;5,6650
28/12/2021;5,6438
29/12/2021;5,6619
30/12/2021;5,5805
31/12/2021;5,5805
03/01/2022;5,6309
04/01/2022;5,6776
05/01/2022;5,6628
06/01/2022;5,7042
07/01/2022;5,6753
10/01/2022;5,6736
11/01/2022;5,6351
12/01/2022;5,5611
13/01/2022;5,5246
14/01/2022;5,5349
17/01/2022;5,5058
18/01/2022;5,5213
19/01/2022;5,4978
20/01/2022;5,4166
21/01/2022;5,4401
24/01/2022;5,4910
25/01/2022;5,4971
26/01/2022;5,4324
27/01/2022;5,3812
28/01/2022;5,3954
31/01/2022;5,3574
01/02/2022;5,2810
02/02/2022;5,2956
03/02/2022;5,3025
04/02/2022;5,3284
07/02/2022;5,2913
08/02/2022;5,2699
09/02/2022;5,2735
10/02/2022;5,2101
11/02/2022;5,1987
14/02/2022;5,2106
15/02/2022;5,1881
16/02/2022;5,1630
17/02/2022;5,1565
18/02/2022;5,1339
21/02/2022;5,997
22/02/2022;5,611
23/02/2022;5,143
24/02/2022;5,1174
25/02/2022;5,1394
02/03/2022;5,1347
03/03/2022;5,479
04/03/2022;5,758
07/03/2022;5,579
08/03/2022;5,903
09/03/2022;5,94
10/03/2022;5,513
11/03/2022;5,255
14/03/2022;5,647
15/03/2022;5,1314
16/03/2022;5,1287
17/03/2022;5,764
18/03/2022;5,411
21/03/2022;4,9666
22/03/2022;4,9208
23/03/2022;4,8704
24/03/2022;4,8067
25/03/2022;4,7782
28/03/2022;4,7905
29/03/2022;4,7486
30/03/2022;4,7497
31/03/2022;4,7378
01/04/2022;4,6984
04/04/2022;4,6175
05/04/2022;4,6400
06/04/2022;4,6967
07/04/2022;4,7422
08/04/2022;4,7513
11/04/2022;4,7025
12/04/2022;4,6483
13/04/2022;4,6811
14/04/2022;4,7158
18/04/2022;4,6746
19/04/2022;4,6664
20/04/2022;4,6397
22/04/2022;4,7326
25/04/2022;4,8818
26/04/2022;4,9666
27/04/2022;5,167
28/04/2022;5,110
29/04/2022;4,9191
02/05/2022;5,266
03/05/2022;5,167
04/05/2022;5,93
05/05/2022;5,51
06/05/2022;5,750
09/05/2022;5,1340
10/05/2022;5,1390
11/05/2022;5,1244
12/05/2022;5,1482
13/05/2022;5,1075
16/05/2022;5,666
17/05/2022;4,9676
18/05/2022;4,9592
19/05/2022;4,9198
20/05/2022;4,8777
23/05/2022;4,7973
24/05/2022;4,8106
25/05/2022;4,8359
26/05/2022;4,7967
27/05/2022;4,7434
30/05/2022;4,7216
31/05/2022;4,7289
01/06/2022;4,7765
02/06/2022;4,7879
03/06/2022;4,7956
06/06/2022;4,7839
07/06/2022;4,8909
08/06/2022;4,8711
09/06/2022;4,8951
10/06/2022;4,9836
13/06/2022;5,1033
14/06/2022;5,1203
15/06/2022;5,1119
17/06/2022;5,1313
20/06/2022;5,1641
21/06/2022;5,1462
22/06/2022;5,1509
23/06/2022;5,1833
24/06/2022;5,2334
27/06/2022;5,2214
28/06/2022;5,2179
29/06/2022;5,2268
30/06/2022;5,2380
01/07/2022;5,3142
04/07/2022;5,3038
05/07/2022;5,3899
06/07/2022;5,4321
07/07/2022;5,3640
08/07/2022;5,3086
11/07/2022;5,3477
12/07/2022;5,4120
13/07/2022;5,3992
14/07/2022;5,4568
15/07/2022;5,4014
18/07/2022;5,3675
19/07/2022;5,3904
20/07/2022;5,4288
21/07/2022;5,4750
22/07/2022;5,4522
25/07/2022;5,4144
26/07/2022;5,3608
27/07/2022;5,3074
28/07/2022;5,2149
29/07/2022;5,1884
01/08/2022;5,1606
02/08/2022;5,2329
03/08/2022;5,2846
04/08/2022;5,2409
05/08/2022;5,2165
08/08/2022;5,1247
09/08/2022;5,1224
10/08/2022;5,497
11/08/2022;5,1127
12/08/2022;5,1023
15/08/2022;5,925
16/08/2022;5,1340
17/08/2022;5,1784
18/08/2022;5,1773
19/08/2022;5,1961
22/08/2022;5,1709
23/08/2022;5,1030
24/08/2022;5,1050
25/08/2022;5,1173
26/08/2022;5,903
29/08/2022;5,428
30/08/2022;5,617
31/08/2022;5,1790
01/09/2022;5,2007
02/09/2022;5,1878
05/09/2022;5,1686
06/09/2022;5,2228
08/09/2022;5,2155
09/09/2022;5,1633
12/09/2022;5,1183
13/09/2022;5,1794
14/09/2022;5,1774
15/09/2022;5,2211
16/09/2022;5,2882
19/09/2022;5,2367
20/09/2022;5,1705
21/09/2022;5,1692
22/09/2022;5,1677
23/09/2022;5,2257
26/09/2022;5,3548
27/09/2022;5,3508
28/09/2022;5,3594
29/09/2022;5,3916
30/09/2022;5,4066
03/10/2022;5,2002
04/10/2022;5,1411
05/10/2022;5,2144
06/10/2022;5,2009
07/10/2022;5,2221
10/10/2022;5,1941
11/10/2022;5,2068
13/10/2022;5,3017
14/10/2022;5,2824
17/10/2022;5,2713
18/10/2022;5,2697
19/10/2022;5,2808
20/10/2022;5,2176
21/10/2022;5,1919
24/10/2022;5,2744
25/10/2022;5,3091
26/10/2022;5,3248
27/10/2022;5,3003
28/10/2022;5,3454
31/10/2022;5,2570
01/11/2022;5,1500
03/11/2022;5,1349
04/11/2022;5,360
07/11/2022;5,886
08/11/2022;5,1744
09/11/2022;5,1629
10/11/2022;5,3064
11/11/2022;5,3051
14/11/2022;5,3013
16/11/2022;5,3204
17/11/2022;5,4655
18/11/2022;5,3477
21/11/2022;5,3259
22/11/2022;5,3339
23/11/2022;5,3930
24/11/2022;5,3149
25/11/2022;5,3508
28/11/2022;5,3796
29/11/2022;5,3076
30/11/2022;5,2941
01/12/2022;5,1948
02/12/2022;5,1974
05/12/2022;5,2464
06/12/2022;5,2396
07/12/2022;5,2208
08/12/2022;5,2091
09/12/2022;5,2396
12/12/2022;5,3066
13/12/2022;5,2669
14/12/2022;5,3406
15/12/2022;5,3183
16/12/2022;5,2806
19/12/2022;5,3160
20/12/2022;5,2427
21/12/2022;5,2031
22/12/2022;5,1871
23/12/2022;5,1445
26/12/2022;5,1872
27/12/2022;5,2832
28/12/2022;5,2736
29/12/2022;5,2177
30/12/2022;5,2177
02/01/2023;5,3436
03/01/2023;5,3759
04/01/2023;5,4459
05/01/2023;5,4026
06/01/2023;5,2855
09/01/2023;5,2967
10/01/2023;5,2395
11/01/2023;5,2020
12/01/2023;5,1400
13/01/2023;5,1146
16/01/2023;5,1115
17/01/2023;5,1203
18/01/2023;5,909
19/01/2023;5,2144
20/01/2023;5,1986
23/01/2023;5,1922
24/01/2023;5,1696
25/01/2023;5,1042
26/01/2023;5,951
27/01/2023;5,767
30/01/2023;5,959
31/01/2023;5,993
01/02/2023;5,721
02/02/2023;4,9901
03/02/2023;5,1030
06/02/2023;5,1763
07/02/2023;5,1695
08/02/2023;5,2036
09/02/2023;5,2315
10/02/2023;5,2526
13/02/2023;5,1834
14/02/2023;5,1507
15/02/2023;5,2243
16/02/2023;5,2432
17/02/2023;5,2012
22/02/2023;5,1730
23/02/2023;5,1330
24/02/2023;5,1791
27/02/2023;5,1960
28/02/2023;5,2078
01/03/2023;5,2070
02/03/2023;5,2080
03/03/2023;5,2037
06/03/2023;5,1970
07/03/2023;5,1901
08/03/2023;5,1387
09/03/2023;5,1353
10/03/2023;5,1822
13/03/2023;5,2400
14/03/2023;5,2362
15/03/2023;5,2981
16/03/2023;5,2892
17/03/2023;5,2679
20/03/2023;5,2467
21/03/2023;5,2444
22/03/2023;5,2648
23/03/2023;5,2632
24/03/2023;5,2921
27/03/2023;5,2306
28/03/2023;5,1733
29/03/2023;5,1493
30/03/2023;5,1254
31/03/2023;5,804
03/04/2023;5,637
04/04/2023;5,762
05/04/2023;5,447
06/04/2023;5,683
10/04/2023;5,834
11/04/2023;5,128
12/04/2023;4,9496
13/04/2023;4,9097
14/04/2023;4,9455
17/04/2023;4,9421
18/04/2023;4,9678
19/04/2023;5,467
20/04/2023;5,497
24/04/2023;5,595
25/04/2023;5,613
26/04/2023;5,585
27/04/2023;5,150
28/04/2023;5,7
02/05/2023;5,334
03/05/2023;5,227
04/05/2023;5,106
05/05/2023;4,9696
08/05/2023;4,9696
09/05/2023;5,7
10/05/2023;4,9547
11/05/2023;4,9696
12/05/2023;4,9234
15/05/2023;4,9103
16/05/2023;4,9122
17/05/2023;4,9513
18/05/2023;4,9647
19/05/2023;4,9858
22/05/2023;4,9680
23/05/2023;4,9674
24/05/2023;4,9474
25/05/2023;4,9990
26/05/2023;5,114
29/05/2023;4,9954
30/05/2023;5,593
31/05/2023;5,959
01/06/2023;5,350
02/06/2023;4,9558
05/06/2023;4,9236
06/06/2023;4,9292
07/06/2023;4,9119
09/06/2023;4,8922
12/06/2023;4,8832
13/06/2023;4,8533
14/06/2023;4,8462
15/06/2023;4,8222
16/06/2023;4,8286
19/06/2023;4,7803
20/06/2023;4,7930
21/06/2023;4,7795
22/06/2023;4,7750
23/06/2023;4,7799
26/06/2023;4,7698
27/06/2023;4,7903
28/06/2023;4,8563
29/06/2023;4,8584
30/06/2023;4,8192
03/07/2023;4,7876
04/07/2023;4,8056
05/07/2023;4,8577
06/07/2023;4,8977
07/07/2023;4,8799
10/07/2023;4,8735
11/07/2023;4,8949
12/07/2023;4,8058
13/07/2023;4,8038
14/07/2023;4,7957
17/07/2023;4,8302
18/07/2023;4,8040
19/07/2023;4,8000
20/07/2023;4,7888
21/07/2023;4,7732
24/07/2023;4,7457
25/07/2023;4,7496
26/07/2023;4,7368
27/07/2023;4,7202
28/07/2023;4,7253
31/07/2023;4,7415
01/08/2023;4,7752
02/08/2023;4,8083
03/08/2023;4,8797
04/08/2023;4,8609
07/08/2023;4,9010
08/08/2023;4,9217
09/08/2023;4,9015
10/08/2023;4,8518
11/08/2023;4,8918
14/08/2023;4,9481
15/08/2023;4,9812
16/08/2023;4,9772
17/08/2023;4,9816
18/08/2023;4,9724
21/08/2023;4,9847
22/08/2023;4,9431
23/08/2023;4,8977
24/08/2023;4,8748
25/08/2023;4,8772
28/08/2023;4,8938
29/08/2023;4,8706
30/08/2023;4,8653
31/08/2023;4,9219
01/09/2023;4,9318
04/09/2023;4,9176
05/09/2023;4,9705
06/09/2023;4,9762
08/09/2023;4,9835
11/09/2023;4,9366
12/09/2023;4,9505
13/09/2023;4,9171
14/09/2023;4,8751
15/09/2023;4,8689
18/09/2023;4,8535
19/09/2023;4,8575
20/09/2023;4,8487
21/09/2023;4,9229
22/09/2023;4,9131
25/09/2023;4,9606
26/09/2023;4,9717
27/09/2023;5,289
28/09/2023;5,475
29/09/2023;5,76
02/10/2023;5,679
03/10/2023;5,1100
04/10/2023;5,1526
05/10/2023;5,1713
06/10/2023;5,1918
09/10/2023;5,1666
10/10/2023;5,862
11/10/2023;5,496
13/10/2023;5,625
16/10/2023;5,618
17/10/2023;5,384
18/10/2023;5,568
19/10/2023;5,540
20/10/2023;5,528
23/10/2023;5,164
24/10/2023;5,65
25/10/2023;4,9981
26/10/2023;5,55
27/10/2023;4,9480
30/10/2023;5,74
31/10/2023;5,575
01/11/2023;5,194
03/11/2023;4,8910
06/11/2023;4,8999
07/11/2023;4,8670
08/11/2023;4,8855
09/11/2023;4,9007
10/11/2023;4,9219
13/11/2023;4,9247
14/11/2023;4,8682
16/11/2023;4,8575
17/11/2023;4,8849
20/11/2023;4,8723
21/11/2023;4,8806
22/11/2023;4,8968
23/11/2023;4,8931
24/11/2023;4,8927
27/11/2023;4,8951
28/11/2023;4,8867
29/11/2023;4,8933
30/11/2023;4,9355
01/12/2023;4,9191
04/12/2023;4,9091
05/12/2023;4,9522
06/12/2023;4,9031
07/12/2023;4,8949
08/12/2023;4,9158
11/12/2023;4,9440
12/12/2023;4,9476
13/12/2023;4,9580
14/12/2023;4,8912
15/12/2023;4,9397
18/12/2023;4,9399
19/12/2023;4,8663
20/12/2023;4,8766
21/12/2023;4,8755
22/12/2023;4,8619
26/12/2023;4,8368
27/12/2023;4,8306
28/12/2023;4,8413
29/12/2023;4,8413
02/01/2024;4,8916
03/01/2024;4,9212
04/01/2024;4,9188
05/01/2024;4,8899
08/01/2024;4,8850
09/01/2024;4,8937
10/01/2024;4,8901
11/01/2024;4,8794
12/01/2024;4,8543
15/01/2024;4,8765
16/01/2024;4,9038
17/01/2024;4,9346
18/01/2024;4,9403
19/01/2024;4,9223
22/01/2024;4,9490
23/01/2024;4,9715
24/01/2024;4,9192
25/01/2024;4,9232
26/01/2024;4,9125
29/01/2024;4,9225
30/01/2024;4,9638
31/01/2024;4,9535
01/02/2024;4,9350
02/02/2024;4,9471
05/02/2024;5,53
06/02/2024;4,9687
07/02/2024;4,9608
08/02/2024;4,9804
09/02/2024;4,9717
14/02/2024;4,9723
15/02/2024;4,9710
16/02/2024;4,9761
19/02/2024;4,9585
20/02/2024;4,9408
21/02/2024;4,9303
22/02/2024;4,9419
23/02/2024;4,9851
26/02/2024;4,9819
27/02/2024;4,9575
28/02/2024;4,9557
29/02/2024;4,9833
01/03/2024;4,9596
04/03/2024;4,9475
05/03/2024;4,9488
06/03/2024;4,9398
07/03/2024;4,9364
08/03/2024;4,9751
11/03/2024;4,9777
12/03/2024;4,9813
13/03/2024;4,9803
14/03/2024;4,9768
15/03/2024;4,9937
18/03/2024;5,124
19/03/2024;5,352
20/03/2024;5,120
21/03/2024;4,9807
22/03/2024;4,9897
25/03/2024;4,9869
26/03/2024;4,9870
27/03/2024;4,9856
28/03/2024;4,9962
01/04/2024;5,532
02/04/2024;5,476
03/04/2024;5,724
04/04/2024;5,237
05/04/2024;5,520
08/04/2024;5,421
09/04/2024;5,80
10/04/2024;5,654
11/04/2024;5,765
12/04/2024;5,1364
15/04/2024;5,1746
16/04/2024;5,2635
17/04/2024;5,2469
18/04/2024;5,2512
19/04/2024;5,2269
22/04/2024;5,2043
23/04/2024;5,1626
24/04/2024;5,1592
25/04/2024;5,1679
26/04/2024;5,1184
29/04/2024;5,1155
30/04/2024;5,1718
02/05/2024;5,1184
03/05/2024;5,668
06/05/2024;5,727
07/05/2024;5,610
08/05/2024;5,887
09/05/2024;5,1577
10/05/2024;5,1464
13/05/2024;5,1412
14/05/2024;5,1356
15/05/2024;5,1423
16/05/2024;5,1270
17/05/2024;5,1157
20/05/2024;5,1085
21/05/2024;5,1037
22/05/2024;5,1502
23/05/2024;5,1443
24/05/2024;5,1508
27/05/2024;5,1704
28/05/2024;5,1538
29/05/2024;5,1972
31/05/2024;5,2416
03/06/2024;5,2373
04/06/2024;5,2687
05/06/2024;5,2841
06/06/2024;5,2681
07/06/2024;5,2802
10/06/2024;5,3666
11/06/2024;5,3524
12/06/2024;5,3891
13/06/2024;5,3974
14/06/2024;5,3630
17/06/2024;5,4130
18/06/2024;5,4074
19/06/2024;5,4647
20/06/2024;5,4254
21/06/2024;5,4416
24/06/2024;5,4000
25/06/2024;5,4290
26/06/2024;5,5097
27/06/2024;5,5229
28/06/2024;5,5589
01/07/2024;5,5893
02/07/2024;5,6677
03/07/2024;5,5863
04/07/2024;5,4839
05/07/2024;5,4970
08/07/2024;5,4720
09/07/2024;5,4387
10/07/2024;5,3967
11/07/2024;5,4100
12/07/2024;5,4529
15/07/2024;5,4563
16/07/2024;5,4274
17/07/2024;5,4670
18/07/2024;5,5426
19/07/2024;5,5543
22/07/2024;5,5598
23/07/2024;5,5807
24/07/2024;5,6346
25/07/2024;5,6402
26/07/2024;5,6465
29/07/2024;5,6479
30/07/2024;5,6532
31/07/2024;5,6621
01/08/2024;5,6681
02/08/2024;5,7366
05/08/2024;5,7646
06/08/2024;5,6528
07/08/2024;5,6093
08/08/2024;5,6172
09/08/2024;5,5115
12/08/2024;5,4911
13/08/2024;5,4875
14/08/2024;5,4502
15/08/2024;5,4651
16/08/2024;5,4632
19/08/2024;5,4237
20/08/2024;5,4547
21/08/2024;5,4707
22/08/2024;5,5524
23/08/2024;5,5263
26/08/2024;5,4921
27/08/2024;5,4969
28/08/2024;5,5315
29/08/2024;5,6358
30/08/2024;5,6562
02/09/2024;5,6230
03/09/2024;5,6224
04/09/2024;5,6359
05/09/2024;5,6049
06/09/2024;5,5702
09/09/2024;5,6097
10/09/2024;5,6254
11/09/2024;5,6387
12/09/2024;5,6554
13/09/2024;5,5717
16/09/2024;5,5207
17/09/2024;5,5010
18/09/2024;5,4767
19/09/2024;5,4189
20/09/2024;5,4775
23/09/2024;5,5446
24/09/2024;5,4702
25/09/2024;5,4736
26/09/2024;5,4412
27/09/2024;5,4431
30/09/2024;5,4481
01/10/2024;5,4521
02/10/2024;5,4305
03/10/2024;5,4850
04/10/2024;5,4686
07/10/2024;5,4626
08/10/2024;5,5197
09/10/2024;5,5737
10/10/2024;5,5819
11/10/2024;5,6263
14/10/2024;5,6045
15/10/2024;5,6378
16/10/2024;5,6749
17/10/2024;5,6758
18/10/2024;5,6672
21/10/2024;5,7068
22/10/2024;5,6958
23/10/2024;5,7149
24/10/2024;5,7087
25/10/2024;5,6969
28/10/2024;5,6988
29/10/2024;5,7140
30/10/2024;5,7801
31/10/2024;5,7779
01/11/2024;5,8073
04/11/2024;5,7898
05/11/2024;5,7846
06/11/2024;5,7648
07/11/2024;5,6624
08/11/2024;5,7648
11/11/2024;5,7980
12/11/2024;5,7694
13/11/2024;5,7713
14/11/2024;5,7885
18/11/2024;5,7603
19/11/2024;5,7743
21/11/2024;5,8173
22/11/2024;5,8124
25/11/2024;5,8002
26/11/2024;5,7990
27/11/2024;5,8291
28/11/2024;5,9871
29/11/2024;6,535
02/12/2024;6,634
03/12/2024;6,707
04/12/2024;6,581
05/12/2024;5,9849
06/12/2024;6,293
09/12/2024;6,570
10/12/2024;6,529
11/12/2024;6,320
12/12/2024;5,9408
13/12/2024;6,400
16/12/2024;6,509
17/12/2024;6,1685
18/12/2024;6,1624
19/12/2024;6,1841
20/12/2024;6,780
23/12/2024;6,1612
24/12/2024;6,1541
26/12/2024;6,1656
27/12/2024;6,1991
30/12/2024;6,1923
31/12/2024;6,1923
02/01/2025;6,2086
03/01/2025;6,1563
06/01/2025;6,1119
07/01/2025;6,741
08/01/2025;6,1321
09/01/2025;6,896
10/01/2025;6,965
13/01/2025;6,1079
14/01/2025;6,671
15/01/2025;6,377
16/01/2025;6,322
17/01/2025;6,609
20/01/2025;6,498
21/01/2025;6,440
22/01/2025;5,9674
23/01/2025;5,9399
24/01/2025;5,8925
27/01/2025;5,9272
28/01/2025;5,8930
29/01/2025;5,8596
30/01/2025;5,9006
31/01/2025;5,8301
03/02/2025;5,8687
04/02/2025;5,7927
05/02/2025;5,7997
06/02/2025;5,7856
07/02/2025;5,7557
10/02/2025;5,7808
11/02/2025;5,7788
12/02/2025;5,7711
13/02/2025;5,7788
14/02/2025;5,7283
17/02/2025;5,7105
18/02/2025;5,6979
19/02/2025;5,7087
20/02/2025;5,7019
21/02/2025;5,7027
24/02/2025;5,7258
25/02/2025;5,7779
26/02/2025;5,7757
27/02/2025;5,8228
28/02/2025;5,8488
05/03/2025;5,7914
06/03/2025;5,7489
07/03/2025;5,7688
10/03/2025;5,7930
11/03/2025;5,8346
12/03/2025;5,8268
13/03/2025;5,8131
14/03/2025;5,7419
17/03/2025;5,7082
18/03/2025;5,6852
19/03/2025;5,6657
20/03/2025;5,6628
21/03/2025;5,7241
24/03/2025;5,7403
25/03/2025;5,6992
26/03/2025;5,7298
27/03/2025;5,7474
28/03/2025;5,7660
31/03/2025;5,7422
01/04/2025;5,7051
02/04/2025;5,6923
03/04/2025;5,6067
04/04/2025;5,7777
07/04/2025;5,8877
08/04/2025;5,9368
09/04/2025;6,605
10/04/2025;5,9115
11/04/2025;5,8737
14/04/2025;5,8425
15/04/2025;5,8707
16/04/2025;5,8808
17/04/2025;5,8559
22/04/2025;5,7496
23/04/2025;5,6880
24/04/2025;5,6738
25/04/2025;5,6846
28/04/2025;5,6681
29/04/2025;5,6467
30/04/2025;5,6608
02/05/2025;5,6394
05/05/2025;5,6520
06/05/2025;5,7210
07/05/2025;5,7375
08/05/2025;5,6860
09/05/2025;5,6511
12/05/2025;5,6822
13/05/2025;5,6262
14/05/2025;5,6100
15/05/2025;5,6328
16/05/2025;5,6925
19/05/2025;5,6591
20/05/2025;5,6620
21/05/2025;5,6571
22/05/2025;5,6390
23/05/2025;5,6932
26/05/2025;5,6619
27/05/2025;5,6539
28/05/2025;5,6936
29/05/2025;5,6559
30/05/2025;5,7087
02/06/2025;5,6937
03/06/2025;5,6694
04/06/2025;5,6332
05/06/2025;5,5969
06/06/2025;5,5947
Fonte;Sisbacen PTAX800,
