Data;Selic - % a.d.,
02/01/2018;0,26481
03/01/2018;0,26481
04/01/2018;0,26481
05/01/2018;0,26481
08/01/2018;0,26481
09/01/2018;0,26481
10/01/2018;0,26481
11/01/2018;0,26481
12/01/2018;0,26481
15/01/2018;0,26481
16/01/2018;0,26481
17/01/2018;0,26481
18/01/2018;0,26481
19/01/2018;0,26481
22/01/2018;0,26481
23/01/2018;0,26481
24/01/2018;0,26481
25/01/2018;0,26481
26/01/2018;0,26481
29/01/2018;0,26481
30/01/2018;0,26481
31/01/2018;0,26481
01/02/2018;0,26481
02/02/2018;0,26481
05/02/2018;0,26481
06/02/2018;0,26481
07/02/2018;0,26481
08/02/2018;0,25552
09/02/2018;0,25552
14/02/2018;0,25552
15/02/2018;0,25552
16/02/2018;0,25552
19/02/2018;0,25552
20/02/2018;0,25552
21/02/2018;0,25552
22/02/2018;0,25552
23/02/2018;0,25552
26/02/2018;0,25552
27/02/2018;0,25552
28/02/2018;0,25552
01/03/2018;0,25552
02/03/2018;0,25552
05/03/2018;0,25552
06/03/2018;0,25552
07/03/2018;0,25552
08/03/2018;0,25552
09/03/2018;0,25552
12/03/2018;0,25552
13/03/2018;0,25552
14/03/2018;0,25552
15/03/2018;0,25552
16/03/2018;0,25552
19/03/2018;0,25552
20/03/2018;0,25552
21/03/2018;0,25552
22/03/2018;0,24620
23/03/2018;0,24620
26/03/2018;0,24620
27/03/2018;0,24620
28/03/2018;0,24620
29/03/2018;0,24620
02/04/2018;0,24620
03/04/2018;0,24620
04/04/2018;0,24620
05/04/2018;0,24620
06/04/2018;0,24620
09/04/2018;0,24620
10/04/2018;0,24620
11/04/2018;0,24620
12/04/2018;0,24620
13/04/2018;0,24620
16/04/2018;0,24620
17/04/2018;0,24620
18/04/2018;0,24620
19/04/2018;0,24620
20/04/2018;0,24620
23/04/2018;0,24620
24/04/2018;0,24620
25/04/2018;0,24620
26/04/2018;0,24620
27/04/2018;0,24620
30/04/2018;0,24620
02/05/2018;0,24620
03/05/2018;0,24620
04/05/2018;0,24620
07/05/2018;0,24620
08/05/2018;0,24620
09/05/2018;0,24620
10/05/2018;0,24620
11/05/2018;0,24620
14/05/2018;0,24620
15/05/2018;0,24620
16/05/2018;0,24620
17/05/2018;0,24620
18/05/2018;0,24620
21/05/2018;0,24620
22/05/2018;0,24620
23/05/2018;0,24620
24/05/2018;0,24620
25/05/2018;0,24620
28/05/2018;0,24620
29/05/2018;0,24620
30/05/2018;0,24620
01/06/2018;0,24620
04/06/2018;0,24620
05/06/2018;0,24620
06/06/2018;0,24620
07/06/2018;0,24620
08/06/2018;0,24620
11/06/2018;0,24620
12/06/2018;0,24620
13/06/2018;0,24620
14/06/2018;0,24620
15/06/2018;0,24620
18/06/2018;0,24620
19/06/2018;0,24620
20/06/2018;0,24620
21/06/2018;0,24620
22/06/2018;0,24620
25/06/2018;0,24620
26/06/2018;0,24620
27/06/2018;0,24620
28/06/2018;0,24620
29/06/2018;0,24620
02/07/2018;0,24620
03/07/2018;0,24620
04/07/2018;0,24620
05/07/2018;0,24620
06/07/2018;0,24620
09/07/2018;0,24620
10/07/2018;0,24620
11/07/2018;0,24620
12/07/2018;0,24620
13/07/2018;0,24620
16/07/2018;0,24620
17/07/2018;0,24620
18/07/2018;0,24620
19/07/2018;0,24620
20/07/2018;0,24620
23/07/2018;0,24620
24/07/2018;0,24620
25/07/2018;0,24620
26/07/2018;0,24620
27/07/2018;0,24620
30/07/2018;0,24620
31/07/2018;0,24620
01/08/2018;0,24620
02/08/2018;0,24620
03/08/2018;0,24620
06/08/2018;0,24620
07/08/2018;0,24620
08/08/2018;0,24620
09/08/2018;0,24620
10/08/2018;0,24620
13/08/2018;0,24620
14/08/2018;0,24620
15/08/2018;0,24620
16/08/2018;0,24620
17/08/2018;0,24620
20/08/2018;0,24620
21/08/2018;0,24620
22/08/2018;0,24620
23/08/2018;0,24620
24/08/2018;0,24620
27/08/2018;0,24620
28/08/2018;0,24620
29/08/2018;0,24620
30/08/2018;0,24620
31/08/2018;0,24620
03/09/2018;0,24620
04/09/2018;0,24620
05/09/2018;0,24620
06/09/2018;0,24620
10/09/2018;0,24620
11/09/2018;0,24620
12/09/2018;0,24620
13/09/2018;0,24620
14/09/2018;0,24620
17/09/2018;0,24620
18/09/2018;0,24620
19/09/2018;0,24620
20/09/2018;0,24620
21/09/2018;0,24620
24/09/2018;0,24620
25/09/2018;0,24620
26/09/2018;0,24620
27/09/2018;0,24620
28/09/2018;0,24620
01/10/2018;0,24620
02/10/2018;0,24620
03/10/2018;0,24620
04/10/2018;0,24620
05/10/2018;0,24620
08/10/2018;0,24620
09/10/2018;0,24620
10/10/2018;0,24620
11/10/2018;0,24620
15/10/2018;0,24620
16/10/2018;0,24620
17/10/2018;0,24620
18/10/2018;0,24620
19/10/2018;0,24620
22/10/2018;0,24620
23/10/2018;0,24620
24/10/2018;0,24620
25/10/2018;0,24620
26/10/2018;0,24620
29/10/2018;0,24620
30/10/2018;0,24620
31/10/2018;0,24620
01/11/2018;0,24620
05/11/2018;0,24620
06/11/2018;0,24620
07/11/2018;0,24620
08/11/2018;0,24620
09/11/2018;0,24620
12/11/2018;0,24620
13/11/2018;0,24620
14/11/2018;0,24620
16/11/2018;0,24620
19/11/2018;0,24620
20/11/2018;0,24620
21/11/2018;0,24620
22/11/2018;0,24620
23/11/2018;0,24620
26/11/2018;0,24620
27/11/2018;0,24620
28/11/2018;0,24620
29/11/2018;0,24620
30/11/2018;0,24620
03/12/2018;0,24620
04/12/2018;0,24620
05/12/2018;0,24620
06/12/2018;0,24620
07/12/2018;0,24620
10/12/2018;0,24620
11/12/2018;0,24620
12/12/2018;0,24620
13/12/2018;0,24620
14/12/2018;0,24620
17/12/2018;0,24620
18/12/2018;0,24620
19/12/2018;0,24620
20/12/2018;0,24620
21/12/2018;0,24620
24/12/2018;0,24620
26/12/2018;0,24620
27/12/2018;0,24620
28/12/2018;0,24620
31/12/2018;0,24620
02/01/2019;0,24620
03/01/2019;0,24620
04/01/2019;0,24620
07/01/2019;0,24620
08/01/2019;0,24620
09/01/2019;0,24620
10/01/2019;0,24620
11/01/2019;0,24620
14/01/2019;0,24620
15/01/2019;0,24620
16/01/2019;0,24620
17/01/2019;0,24620
18/01/2019;0,24620
21/01/2019;0,24620
22/01/2019;0,24620
23/01/2019;0,24620
24/01/2019;0,24620
25/01/2019;0,24620
28/01/2019;0,24620
29/01/2019;0,24620
30/01/2019;0,24620
31/01/2019;0,24620
01/02/2019;0,24620
04/02/2019;0,24620
05/02/2019;0,24620
06/02/2019;0,24620
07/02/2019;0,24620
08/02/2019;0,24620
11/02/2019;0,24620
12/02/2019;0,24620
13/02/2019;0,24620
14/02/2019;0,24620
15/02/2019;0,24620
18/02/2019;0,24620
19/02/2019;0,24620
20/02/2019;0,24620
21/02/2019;0,24620
22/02/2019;0,24620
25/02/2019;0,24620
26/02/2019;0,24620
27/02/2019;0,24620
28/02/2019;0,24620
01/03/2019;0,24620
06/03/2019;0,24620
07/03/2019;0,24620
08/03/2019;0,24620
11/03/2019;0,24620
12/03/2019;0,24620
13/03/2019;0,24620
14/03/2019;0,24620
15/03/2019;0,24620
18/03/2019;0,24620
19/03/2019;0,24620
20/03/2019;0,24620
21/03/2019;0,24620
22/03/2019;0,24620
25/03/2019;0,24620
26/03/2019;0,24620
27/03/2019;0,24620
28/03/2019;0,24620
29/03/2019;0,24620
01/04/2019;0,24620
02/04/2019;0,24620
03/04/2019;0,24620
04/04/2019;0,24620
05/04/2019;0,24620
08/04/2019;0,24620
09/04/2019;0,24620
10/04/2019;0,24620
11/04/2019;0,24620
12/04/2019;0,24620
15/04/2019;0,24620
16/04/2019;0,24620
17/04/2019;0,24620
18/04/2019;0,24620
22/04/2019;0,24620
23/04/2019;0,24620
24/04/2019;0,24620
25/04/2019;0,24620
26/04/2019;0,24620
29/04/2019;0,24620
30/04/2019;0,24620
02/05/2019;0,24620
03/05/2019;0,24620
06/05/2019;0,24620
07/05/2019;0,24620
08/05/2019;0,24620
09/05/2019;0,24620
10/05/2019;0,24620
13/05/2019;0,24620
14/05/2019;0,24620
15/05/2019;0,24620
16/05/2019;0,24620
17/05/2019;0,24620
20/05/2019;0,24620
21/05/2019;0,24620
22/05/2019;0,24620
23/05/2019;0,24620
24/05/2019;0,24620
27/05/2019;0,24620
28/05/2019;0,24620
29/05/2019;0,24620
30/05/2019;0,24620
31/05/2019;0,24620
03/06/2019;0,24620
04/06/2019;0,24620
05/06/2019;0,24620
06/06/2019;0,24620
07/06/2019;0,24620
10/06/2019;0,24620
11/06/2019;0,24620
12/06/2019;0,24620
13/06/2019;0,24620
14/06/2019;0,24620
17/06/2019;0,24620
18/06/2019;0,24620
19/06/2019;0,24620
21/06/2019;0,24620
24/06/2019;0,24620
25/06/2019;0,24620
26/06/2019;0,24620
27/06/2019;0,24620
28/06/2019;0,24620
01/07/2019;0,24620
02/07/2019;0,24620
03/07/2019;0,24620
04/07/2019;0,24620
05/07/2019;0,24620
08/07/2019;0,24620
09/07/2019;0,24620
10/07/2019;0,24620
11/07/2019;0,24620
12/07/2019;0,24620
15/07/2019;0,24620
16/07/2019;0,24620
17/07/2019;0,24620
18/07/2019;0,24620
19/07/2019;0,24620
22/07/2019;0,24620
23/07/2019;0,24620
24/07/2019;0,24620
25/07/2019;0,24620
26/07/2019;0,24620
29/07/2019;0,24620
30/07/2019;0,24620
31/07/2019;0,24620
01/08/2019;0,22751
02/08/2019;0,22751
05/08/2019;0,22751
06/08/2019;0,22751
07/08/2019;0,22751
08/08/2019;0,22751
09/08/2019;0,22751
12/08/2019;0,22751
13/08/2019;0,22751
14/08/2019;0,22751
15/08/2019;0,22751
16/08/2019;0,22751
19/08/2019;0,22751
20/08/2019;0,22751
21/08/2019;0,22751
22/08/2019;0,22751
23/08/2019;0,22751
26/08/2019;0,22751
27/08/2019;0,22751
28/08/2019;0,22751
29/08/2019;0,22751
30/08/2019;0,22751
02/09/2019;0,22751
03/09/2019;0,22751
04/09/2019;0,22751
05/09/2019;0,22751
06/09/2019;0,22751
09/09/2019;0,22751
10/09/2019;0,22751
11/09/2019;0,22751
12/09/2019;0,22751
13/09/2019;0,22751
16/09/2019;0,22751
17/09/2019;0,22751
18/09/2019;0,22751
19/09/2019;0,20872
20/09/2019;0,20872
23/09/2019;0,20872
24/09/2019;0,20872
25/09/2019;0,20872
26/09/2019;0,20872
27/09/2019;0,20872
30/09/2019;0,20872
01/10/2019;0,20872
02/10/2019;0,20872
03/10/2019;0,20872
04/10/2019;0,20872
07/10/2019;0,20872
08/10/2019;0,20872
09/10/2019;0,20872
10/10/2019;0,20872
11/10/2019;0,20872
14/10/2019;0,20872
15/10/2019;0,20872
16/10/2019;0,20872
17/10/2019;0,20872
18/10/2019;0,20872
21/10/2019;0,20872
22/10/2019;0,20872
23/10/2019;0,20872
24/10/2019;0,20872
25/10/2019;0,20872
28/10/2019;0,20872
29/10/2019;0,20872
30/10/2019;0,20872
31/10/2019;0,18985
01/11/2019;0,18985
04/11/2019;0,18985
05/11/2019;0,18985
06/11/2019;0,18985
07/11/2019;0,18985
08/11/2019;0,18985
11/11/2019;0,18985
12/11/2019;0,18985
13/11/2019;0,18985
14/11/2019;0,18985
18/11/2019;0,18985
19/11/2019;0,18985
20/11/2019;0,18985
21/11/2019;0,18985
22/11/2019;0,18985
25/11/2019;0,18985
26/11/2019;0,18985
27/11/2019;0,18985
28/11/2019;0,18985
29/11/2019;0,18985
02/12/2019;0,18985
03/12/2019;0,18985
04/12/2019;0,18985
05/12/2019;0,18985
06/12/2019;0,18985
09/12/2019;0,18985
10/12/2019;0,18985
11/12/2019;0,18985
12/12/2019;0,17089
13/12/2019;0,17089
16/12/2019;0,17089
17/12/2019;0,17089
18/12/2019;0,17089
19/12/2019;0,17089
20/12/2019;0,17089
23/12/2019;0,17089
24/12/2019;0,17089
26/12/2019;0,17089
27/12/2019;0,17089
30/12/2019;0,17089
31/12/2019;0,17089
02/01/2020;0,17089
03/01/2020;0,17089
06/01/2020;0,17089
07/01/2020;0,17089
08/01/2020;0,17089
09/01/2020;0,17089
10/01/2020;0,17089
13/01/2020;0,17089
14/01/2020;0,17089
15/01/2020;0,17089
16/01/2020;0,17089
17/01/2020;0,17089
20/01/2020;0,17089
21/01/2020;0,17089
22/01/2020;0,17089
23/01/2020;0,17089
24/01/2020;0,17089
27/01/2020;0,17089
28/01/2020;0,17089
29/01/2020;0,17089
30/01/2020;0,17089
31/01/2020;0,17089
03/02/2020;0,17089
04/02/2020;0,17089
05/02/2020;0,17089
06/02/2020;0,16137
07/02/2020;0,16137
10/02/2020;0,16137
11/02/2020;0,16137
12/02/2020;0,16137
13/02/2020;0,16137
14/02/2020;0,16137
17/02/2020;0,16137
18/02/2020;0,16137
19/02/2020;0,16137
20/02/2020;0,16137
21/02/2020;0,16137
26/02/2020;0,16137
27/02/2020;0,16137
28/02/2020;0,16137
02/03/2020;0,16137
03/03/2020;0,16137
04/03/2020;0,16137
05/03/2020;0,16137
06/03/2020;0,16137
09/03/2020;0,16137
10/03/2020;0,16137
11/03/2020;0,16137
12/03/2020;0,16137
13/03/2020;0,16137
16/03/2020;0,16137
17/03/2020;0,16137
18/03/2020;0,16137
19/03/2020;0,14227
20/03/2020;0,14227
23/03/2020;0,14227
24/03/2020;0,14227
25/03/2020;0,14227
26/03/2020;0,14227
27/03/2020;0,14227
30/03/2020;0,14227
31/03/2020;0,14227
01/04/2020;0,14227
02/04/2020;0,14227
03/04/2020;0,14227
06/04/2020;0,14227
07/04/2020;0,14227
08/04/2020;0,14227
09/04/2020;0,14227
13/04/2020;0,14227
14/04/2020;0,14227
15/04/2020;0,14227
16/04/2020;0,14227
17/04/2020;0,14227
20/04/2020;0,14227
22/04/2020;0,14227
23/04/2020;0,14227
24/04/2020;0,14227
27/04/2020;0,14227
28/04/2020;0,14227
29/04/2020;0,14227
30/04/2020;0,14227
04/05/2020;0,14227
05/05/2020;0,14227
06/05/2020;0,14227
07/05/2020;0,11345
08/05/2020;0,11345
11/05/2020;0,11345
12/05/2020;0,11345
13/05/2020;0,11345
14/05/2020;0,11345
15/05/2020;0,11345
18/05/2020;0,11345
19/05/2020;0,11345
20/05/2020;0,11345
21/05/2020;0,11345
22/05/2020;0,11345
25/05/2020;0,11345
26/05/2020;0,11345
27/05/2020;0,11345
28/05/2020;0,11345
29/05/2020;0,11345
01/06/2020;0,11345
02/06/2020;0,11345
03/06/2020;0,11345
04/06/2020;0,11345
05/06/2020;0,11345
08/06/2020;0,11345
09/06/2020;0,11345
10/06/2020;0,11345
12/06/2020;0,11345
15/06/2020;0,11345
16/06/2020;0,11345
17/06/2020;0,11345
18/06/2020;0,8442
19/06/2020;0,8442
22/06/2020;0,8442
23/06/2020;0,8442
24/06/2020;0,8442
25/06/2020;0,8442
26/06/2020;0,8442
29/06/2020;0,8442
30/06/2020;0,8442
01/07/2020;0,8442
02/07/2020;0,8442
03/07/2020;0,8442
06/07/2020;0,8442
07/07/2020;0,8442
08/07/2020;0,8442
09/07/2020;0,8442
10/07/2020;0,8442
13/07/2020;0,8442
14/07/2020;0,8442
15/07/2020;0,8442
16/07/2020;0,8442
17/07/2020;0,8442
20/07/2020;0,8442
21/07/2020;0,8442
22/07/2020;0,8442
23/07/2020;0,8442
24/07/2020;0,8442
27/07/2020;0,8442
28/07/2020;0,8442
29/07/2020;0,8442
30/07/2020;0,8442
31/07/2020;0,8442
03/08/2020;0,8442
04/08/2020;0,8442
05/08/2020;0,8442
06/08/2020;0,7469
07/08/2020;0,7469
10/08/2020;0,7469
11/08/2020;0,7469
12/08/2020;0,7469
13/08/2020;0,7469
14/08/2020;0,7469
17/08/2020;0,7469
18/08/2020;0,7469
19/08/2020;0,7469
20/08/2020;0,7469
21/08/2020;0,7469
24/08/2020;0,7469
25/08/2020;0,7469
26/08/2020;0,7469
27/08/2020;0,7469
28/08/2020;0,7469
31/08/2020;0,7469
01/09/2020;0,7469
02/09/2020;0,7469
03/09/2020;0,7469
04/09/2020;0,7469
08/09/2020;0,7469
09/09/2020;0,7469
10/09/2020;0,7469
11/09/2020;0,7469
14/09/2020;0,7469
15/09/2020;0,7469
16/09/2020;0,7469
17/09/2020;0,7469
18/09/2020;0,7469
21/09/2020;0,7469
22/09/2020;0,7469
23/09/2020;0,7469
24/09/2020;0,7469
25/09/2020;0,7469
28/09/2020;0,7469
29/09/2020;0,7469
30/09/2020;0,7469
01/10/2020;0,7469
02/10/2020;0,7469
05/10/2020;0,7469
06/10/2020;0,7469
07/10/2020;0,7469
08/10/2020;0,7469
09/10/2020;0,7469
13/10/2020;0,7469
14/10/2020;0,7469
15/10/2020;0,7469
16/10/2020;0,7469
19/10/2020;0,7469
20/10/2020;0,7469
21/10/2020;0,7469
22/10/2020;0,7469
23/10/2020;0,7469
26/10/2020;0,7469
27/10/2020;0,7469
28/10/2020;0,7469
29/10/2020;0,7469
30/10/2020;0,7469
03/11/2020;0,7469
04/11/2020;0,7469
05/11/2020;0,7469
06/11/2020;0,7469
09/11/2020;0,7469
10/11/2020;0,7469
11/11/2020;0,7469
12/11/2020;0,7469
13/11/2020;0,7469
16/11/2020;0,7469
17/11/2020;0,7469
18/11/2020;0,7469
19/11/2020;0,7469
20/11/2020;0,7469
23/11/2020;0,7469
24/11/2020;0,7469
25/11/2020;0,7469
26/11/2020;0,7469
27/11/2020;0,7469
30/11/2020;0,7469
01/12/2020;0,7469
02/12/2020;0,7469
03/12/2020;0,7469
04/12/2020;0,7469
07/12/2020;0,7469
08/12/2020;0,7469
09/12/2020;0,7469
10/12/2020;0,7469
11/12/2020;0,7469
14/12/2020;0,7469
15/12/2020;0,7469
16/12/2020;0,7469
17/12/2020;0,7469
18/12/2020;0,7469
21/12/2020;0,7469
22/12/2020;0,7469
23/12/2020;0,7469
24/12/2020;0,7469
28/12/2020;0,7469
29/12/2020;0,7469
30/12/2020;0,7469
31/12/2020;0,7469
04/01/2021;0,7469
05/01/2021;0,7469
06/01/2021;0,7469
07/01/2021;0,7469
08/01/2021;0,7469
11/01/2021;0,7469
12/01/2021;0,7469
13/01/2021;0,7469
14/01/2021;0,7469
15/01/2021;0,7469
18/01/2021;0,7469
19/01/2021;0,7469
20/01/2021;0,7469
21/01/2021;0,7469
22/01/2021;0,7469
25/01/2021;0,7469
26/01/2021;0,7469
27/01/2021;0,7469
28/01/2021;0,7469
29/01/2021;0,7469
01/02/2021;0,7469
02/02/2021;0,7469
03/02/2021;0,7469
04/02/2021;0,7469
05/02/2021;0,7469
08/02/2021;0,7469
09/02/2021;0,7469
10/02/2021;0,7469
11/02/2021;0,7469
12/02/2021;0,7469
17/02/2021;0,7469
18/02/2021;0,7469
19/02/2021;0,7469
22/02/2021;0,7469
23/02/2021;0,7469
24/02/2021;0,7469
25/02/2021;0,7469
26/02/2021;0,7469
01/03/2021;0,7469
02/03/2021;0,7469
03/03/2021;0,7469
04/03/2021;0,7469
05/03/2021;0,7469
08/03/2021;0,7469
09/03/2021;0,7469
10/03/2021;0,7469
11/03/2021;0,7469
12/03/2021;0,7469
15/03/2021;0,7469
16/03/2021;0,7469
17/03/2021;0,7469
18/03/2021;0,10379
19/03/2021;0,10379
22/03/2021;0,10379
23/03/2021;0,10379
24/03/2021;0,10379
25/03/2021;0,10379
26/03/2021;0,10379
29/03/2021;0,10379
30/03/2021;0,10379
31/03/2021;0,10379
01/04/2021;0,10379
05/04/2021;0,10379
06/04/2021;0,10379
07/04/2021;0,10379
08/04/2021;0,10379
09/04/2021;0,10379
12/04/2021;0,10379
13/04/2021;0,10379
14/04/2021;0,10379
15/04/2021;0,10379
16/04/2021;0,10379
19/04/2021;0,10379
20/04/2021;0,10379
22/04/2021;0,10379
23/04/2021;0,10379
26/04/2021;0,10379
27/04/2021;0,10379
28/04/2021;0,10379
29/04/2021;0,10379
30/04/2021;0,10379
03/05/2021;0,10379
04/05/2021;0,10379
05/05/2021;0,10379
06/05/2021;0,13269
07/05/2021;0,13269
10/05/2021;0,13269
11/05/2021;0,13269
12/05/2021;0,13269
13/05/2021;0,13269
14/05/2021;0,13269
17/05/2021;0,13269
18/05/2021;0,13269
19/05/2021;0,13269
20/05/2021;0,13269
21/05/2021;0,13269
24/05/2021;0,13269
25/05/2021;0,13269
26/05/2021;0,13269
27/05/2021;0,13269
28/05/2021;0,13269
31/05/2021;0,13269
01/06/2021;0,13269
02/06/2021;0,13269
04/06/2021;0,13269
07/06/2021;0,13269
08/06/2021;0,13269
09/06/2021;0,13269
10/06/2021;0,13269
11/06/2021;0,13269
14/06/2021;0,13269
15/06/2021;0,13269
16/06/2021;0,13269
17/06/2021;0,16137
18/06/2021;0,16137
21/06/2021;0,16137
22/06/2021;0,16137
23/06/2021;0,16137
24/06/2021;0,16137
25/06/2021;0,16137
28/06/2021;0,16137
29/06/2021;0,16137
30/06/2021;0,16137
01/07/2021;0,16137
02/07/2021;0,16137
05/07/2021;0,16137
06/07/2021;0,16137
07/07/2021;0,16137
08/07/2021;0,16137
09/07/2021;0,16137
12/07/2021;0,16137
13/07/2021;0,16137
14/07/2021;0,16137
15/07/2021;0,16137
16/07/2021;0,16137
19/07/2021;0,16137
20/07/2021;0,16137
21/07/2021;0,16137
22/07/2021;0,16137
23/07/2021;0,16137
26/07/2021;0,16137
27/07/2021;0,16137
28/07/2021;0,16137
29/07/2021;0,16137
30/07/2021;0,16137
02/08/2021;0,16137
03/08/2021;0,16137
04/08/2021;0,16137
05/08/2021;0,19930
06/08/2021;0,19930
09/08/2021;0,19930
10/08/2021;0,19930
11/08/2021;0,19930
12/08/2021;0,19930
13/08/2021;0,19930
16/08/2021;0,19930
17/08/2021;0,19930
18/08/2021;0,19930
19/08/2021;0,19930
20/08/2021;0,19930
23/08/2021;0,19930
24/08/2021;0,19930
25/08/2021;0,19930
26/08/2021;0,19930
27/08/2021;0,19930
30/08/2021;0,19930
31/08/2021;0,19930
01/09/2021;0,19930
02/09/2021;0,19930
03/09/2021;0,19930
06/09/2021;0,19930
08/09/2021;0,19930
09/09/2021;0,19930
10/09/2021;0,19930
13/09/2021;0,19930
14/09/2021;0,19930
15/09/2021;0,19930
16/09/2021;0,19930
17/09/2021;0,19930
20/09/2021;0,19930
21/09/2021;0,19930
22/09/2021;0,19930
23/09/2021;0,23687
24/09/2021;0,23687
27/09/2021;0,23687
28/09/2021;0,23687
29/09/2021;0,23687
30/09/2021;0,23687
01/10/2021;0,23687
04/10/2021;0,23687
05/10/2021;0,23687
06/10/2021;0,23687
07/10/2021;0,23687
08/10/2021;0,23687
11/10/2021;0,23687
13/10/2021;0,23687
14/10/2021;0,23687
15/10/2021;0,23687
18/10/2021;0,23687
19/10/2021;0,23687
20/10/2021;0,23687
21/10/2021;0,23687
22/10/2021;0,23687
25/10/2021;0,23687
26/10/2021;0,23687
27/10/2021;0,23687
28/10/2021;0,29256
29/10/2021;0,29256
01/11/2021;0,29256
03/11/2021;0,29256
04/11/2021;0,29256
05/11/2021;0,29256
08/11/2021;0,29256
09/11/2021;0,29256
10/11/2021;0,29256
11/11/2021;0,29256
12/11/2021;0,29256
16/11/2021;0,29256
17/11/2021;0,29256
18/11/2021;0,29256
19/11/2021;0,29256
22/11/2021;0,29256
23/11/2021;0,29256
24/11/2021;0,29256
25/11/2021;0,29256
26/11/2021;0,29256
29/11/2021;0,29256
30/11/2021;0,29256
01/12/2021;0,29256
02/12/2021;0,29256
03/12/2021;0,29256
06/12/2021;0,29256
07/12/2021;0,29256
08/12/2021;0,29256
09/12/2021;0,34749
10/12/2021;0,34749
13/12/2021;0,34749
14/12/2021;0,34749
15/12/2021;0,34749
16/12/2021;0,34749
17/12/2021;0,34749
20/12/2021;0,34749
21/12/2021;0,34749
22/12/2021;0,34749
23/12/2021;0,34749
24/12/2021;0,34749
27/12/2021;0,34749
28/12/2021;0,34749
29/12/2021;0,34749
30/12/2021;0,34749
31/12/2021;0,34749
03/01/2022;0,34749
04/01/2022;0,34749
05/01/2022;0,34749
06/01/2022;0,34749
07/01/2022;0,34749
10/01/2022;0,34749
11/01/2022;0,34749
12/01/2022;0,34749
13/01/2022;0,34749
14/01/2022;0,34749
17/01/2022;0,34749
18/01/2022;0,34749
19/01/2022;0,34749
20/01/2022;0,34749
21/01/2022;0,34749
24/01/2022;0,34749
25/01/2022;0,34749
26/01/2022;0,34749
27/01/2022;0,34749
28/01/2022;0,34749
31/01/2022;0,34749
01/02/2022;0,34749
02/02/2022;0,34749
03/02/2022;0,40168
04/02/2022;0,40168
07/02/2022;0,40168
08/02/2022;0,40168
09/02/2022;0,40168
10/02/2022;0,40168
11/02/2022;0,40168
14/02/2022;0,40168
15/02/2022;0,40168
16/02/2022;0,40168
17/02/2022;0,40168
18/02/2022;0,40168
21/02/2022;0,40168
22/02/2022;0,40168
23/02/2022;0,40168
24/02/2022;0,40168
25/02/2022;0,40168
02/03/2022;0,40168
03/03/2022;0,40168
04/03/2022;0,40168
07/03/2022;0,40168
08/03/2022;0,40168
09/03/2022;0,40168
10/03/2022;0,40168
11/03/2022;0,40168
14/03/2022;0,40168
15/03/2022;0,40168
16/03/2022;0,40168
17/03/2022;0,43739
18/03/2022;0,43739
21/03/2022;0,43739
22/03/2022;0,43739
23/03/2022;0,43739
24/03/2022;0,43739
25/03/2022;0,43739
28/03/2022;0,43739
29/03/2022;0,43739
30/03/2022;0,43739
31/03/2022;0,43739
01/04/2022;0,43739
04/04/2022;0,43739
05/04/2022;0,43739
06/04/2022;0,43739
07/04/2022;0,43739
08/04/2022;0,43739
11/04/2022;0,43739
12/04/2022;0,43739
13/04/2022;0,43739
14/04/2022;0,43739
18/04/2022;0,43739
19/04/2022;0,43739
20/04/2022;0,43739
22/04/2022;0,43739
25/04/2022;0,43739
26/04/2022;0,43739
27/04/2022;0,43739
28/04/2022;0,43739
29/04/2022;0,43739
02/05/2022;0,43739
03/05/2022;0,43739
04/05/2022;0,43739
05/05/2022;0,47279
06/05/2022;0,47279
09/05/2022;0,47279
10/05/2022;0,47279
11/05/2022;0,47279
12/05/2022;0,47279
13/05/2022;0,47279
16/05/2022;0,47279
17/05/2022;0,47279
18/05/2022;0,47279
19/05/2022;0,47279
20/05/2022;0,47279
23/05/2022;0,47279
24/05/2022;0,47279
25/05/2022;0,47279
26/05/2022;0,47279
27/05/2022;0,47279
30/05/2022;0,47279
31/05/2022;0,47279
01/06/2022;0,47279
02/06/2022;0,47279
03/06/2022;0,47279
06/06/2022;0,47279
07/06/2022;0,47279
08/06/2022;0,47279
09/06/2022;0,47279
10/06/2022;0,47279
13/06/2022;0,47279
14/06/2022;0,47279
15/06/2022;0,47279
17/06/2022;0,49037
20/06/2022;0,49037
21/06/2022;0,49037
22/06/2022;0,49037
23/06/2022;0,49037
24/06/2022;0,49037
27/06/2022;0,49037
28/06/2022;0,49037
29/06/2022;0,49037
30/06/2022;0,49037
01/07/2022;0,49037
04/07/2022;0,49037
05/07/2022;0,49037
06/07/2022;0,49037
07/07/2022;0,49037
08/07/2022;0,49037
11/07/2022;0,49037
12/07/2022;0,49037
13/07/2022;0,49037
14/07/2022;0,49037
15/07/2022;0,49037
18/07/2022;0,49037
19/07/2022;0,49037
20/07/2022;0,49037
21/07/2022;0,49037
22/07/2022;0,49037
25/07/2022;0,49037
26/07/2022;0,49037
27/07/2022;0,49037
28/07/2022;0,49037
29/07/2022;0,49037
01/08/2022;0,49037
02/08/2022;0,49037
03/08/2022;0,49037
04/08/2022;0,50788
05/08/2022;0,50788
08/08/2022;0,50788
09/08/2022;0,50788
10/08/2022;0,50788
11/08/2022;0,50788
12/08/2022;0,50788
15/08/2022;0,50788
16/08/2022;0,50788
17/08/2022;0,50788
18/08/2022;0,50788
19/08/2022;0,50788
22/08/2022;0,50788
23/08/2022;0,50788
24/08/2022;0,50788
25/08/2022;0,50788
26/08/2022;0,50788
29/08/2022;0,50788
30/08/2022;0,50788
31/08/2022;0,50788
01/09/2022;0,50788
02/09/2022;0,50788
05/09/2022;0,50788
06/09/2022;0,50788
08/09/2022;0,50788
09/09/2022;0,50788
12/09/2022;0,50788
13/09/2022;0,50788
14/09/2022;0,50788
15/09/2022;0,50788
16/09/2022;0,50788
19/09/2022;0,50788
20/09/2022;0,50788
21/09/2022;0,50788
22/09/2022;0,50788
23/09/2022;0,50788
26/09/2022;0,50788
27/09/2022;0,50788
28/09/2022;0,50788
29/09/2022;0,50788
30/09/2022;0,50788
03/10/2022;0,50788
04/10/2022;0,50788
05/10/2022;0,50788
06/10/2022;0,50788
07/10/2022;0,50788
10/10/2022;0,50788
11/10/2022;0,50788
13/10/2022;0,50788
14/10/2022;0,50788
17/10/2022;0,50788
18/10/2022;0,50788
19/10/2022;0,50788
20/10/2022;0,50788
21/10/2022;0,50788
24/10/2022;0,50788
25/10/2022;0,50788
26/10/2022;0,50788
27/10/2022;0,50788
28/10/2022;0,50788
31/10/2022;0,50788
01/11/2022;0,50788
03/11/2022;0,50788
04/11/2022;0,50788
07/11/2022;0,50788
08/11/2022;0,50788
09/11/2022;0,50788
10/11/2022;0,50788
11/11/2022;0,50788
14/11/2022;0,50788
16/11/2022;0,50788
17/11/2022;0,50788
18/11/2022;0,50788
21/11/2022;0,50788
22/11/2022;0,50788
23/11/2022;0,50788
24/11/2022;0,50788
25/11/2022;0,50788
28/11/2022;0,50788
29/11/2022;0,50788
30/11/2022;0,50788
01/12/2022;0,50788
02/12/2022;0,50788
05/12/2022;0,50788
06/12/2022;0,50788
07/12/2022;0,50788
08/12/2022;0,50788
09/12/2022;0,50788
12/12/2022;0,50788
13/12/2022;0,50788
14/12/2022;0,50788
15/12/2022;0,50788
16/12/2022;0,50788
19/12/2022;0,50788
20/12/2022;0,50788
21/12/2022;0,50788
22/12/2022;0,50788
23/12/2022;0,50788
26/12/2022;0,50788
27/12/2022;0,50788
28/12/2022;0,50788
29/12/2022;0,50788
30/12/2022;0,50788
02/01/2023;0,50788
03/01/2023;0,50788
04/01/2023;0,50788
05/01/2023;0,50788
06/01/2023;0,50788
09/01/2023;0,50788
10/01/2023;0,50788
11/01/2023;0,50788
12/01/2023;0,50788
13/01/2023;0,50788
16/01/2023;0,50788
17/01/2023;0,50788
18/01/2023;0,50788
19/01/2023;0,50788
20/01/2023;0,50788
23/01/2023;0,50788
24/01/2023;0,50788
25/01/2023;0,50788
26/01/2023;0,50788
27/01/2023;0,50788
30/01/2023;0,50788
31/01/2023;0,50788
01/02/2023;0,50788
02/02/2023;0,50788
03/02/2023;0,50788
06/02/2023;0,50788
07/02/2023;0,50788
08/02/2023;0,50788
09/02/2023;0,50788
10/02/2023;0,50788
13/02/2023;0,50788
14/02/2023;0,50788
15/02/2023;0,50788
16/02/2023;0,50788
17/02/2023;0,50788
22/02/2023;0,50788
23/02/2023;0,50788
24/02/2023;0,50788
27/02/2023;0,50788
28/02/2023;0,50788
01/03/2023;0,50788
02/03/2023;0,50788
03/03/2023;0,50788
06/03/2023;0,50788
07/03/2023;0,50788
08/03/2023;0,50788
09/03/2023;0,50788
10/03/2023;0,50788
13/03/2023;0,50788
14/03/2023;0,50788
15/03/2023;0,50788
16/03/2023;0,50788
17/03/2023;0,50788
20/03/2023;0,50788
21/03/2023;0,50788
22/03/2023;0,50788
23/03/2023;0,50788
24/03/2023;0,50788
27/03/2023;0,50788
28/03/2023;0,50788
29/03/2023;0,50788
30/03/2023;0,50788
31/03/2023;0,50788
03/04/2023;0,50788
04/04/2023;0,50788
05/04/2023;0,50788
06/04/2023;0,50788
10/04/2023;0,50788
11/04/2023;0,50788
12/04/2023;0,50788
13/04/2023;0,50788
14/04/2023;0,50788
17/04/2023;0,50788
18/04/2023;0,50788
19/04/2023;0,50788
20/04/2023;0,50788
24/04/2023;0,50788
25/04/2023;0,50788
26/04/2023;0,50788
27/04/2023;0,50788
28/04/2023;0,50788
02/05/2023;0,50788
03/05/2023;0,50788
04/05/2023;0,50788
05/05/2023;0,50788
08/05/2023;0,50788
09/05/2023;0,50788
10/05/2023;0,50788
11/05/2023;0,50788
12/05/2023;0,50788
15/05/2023;0,50788
16/05/2023;0,50788
17/05/2023;0,50788
18/05/2023;0,50788
19/05/2023;0,50788
22/05/2023;0,50788
23/05/2023;0,50788
24/05/2023;0,50788
25/05/2023;0,50788
26/05/2023;0,50788
29/05/2023;0,50788
30/05/2023;0,50788
31/05/2023;0,50788
01/06/2023;0,50788
02/06/2023;0,50788
05/06/2023;0,50788
06/06/2023;0,50788
07/06/2023;0,50788
09/06/2023;0,50788
12/06/2023;0,50788
13/06/2023;0,50788
14/06/2023;0,50788
15/06/2023;0,50788
16/06/2023;0,50788
19/06/2023;0,50788
20/06/2023;0,50788
21/06/2023;0,50788
22/06/2023;0,50788
23/06/2023;0,50788
26/06/2023;0,50788
27/06/2023;0,50788
28/06/2023;0,50788
29/06/2023;0,50788
30/06/2023;0,50788
03/07/2023;0,50788
04/07/2023;0,50788
05/07/2023;0,50788
06/07/2023;0,50788
07/07/2023;0,50788
10/07/2023;0,50788
11/07/2023;0,50788
12/07/2023;0,50788
13/07/2023;0,50788
14/07/2023;0,50788
17/07/2023;0,50788
18/07/2023;0,50788
19/07/2023;0,50788
20/07/2023;0,50788
21/07/2023;0,50788
24/07/2023;0,50788
25/07/2023;0,50788
26/07/2023;0,50788
27/07/2023;0,50788
28/07/2023;0,50788
31/07/2023;0,50788
01/08/2023;0,50788
02/08/2023;0,50788
03/08/2023;0,49037
04/08/2023;0,49037
07/08/2023;0,49037
08/08/2023;0,49037
09/08/2023;0,49037
10/08/2023;0,49037
11/08/2023;0,49037
14/08/2023;0,49037
15/08/2023;0,49037
16/08/2023;0,49037
17/08/2023;0,49037
18/08/2023;0,49037
21/08/2023;0,49037
22/08/2023;0,49037
23/08/2023;0,49037
24/08/2023;0,49037
25/08/2023;0,49037
28/08/2023;0,49037
29/08/2023;0,49037
30/08/2023;0,49037
31/08/2023;0,49037
01/09/2023;0,49037
04/09/2023;0,49037
05/09/2023;0,49037
06/09/2023;0,49037
08/09/2023;0,49037
11/09/2023;0,49037
12/09/2023;0,49037
13/09/2023;0,49037
14/09/2023;0,49037
15/09/2023;0,49037
18/09/2023;0,49037
19/09/2023;0,49037
20/09/2023;0,49037
21/09/2023;0,47279
22/09/2023;0,47279
25/09/2023;0,47279
26/09/2023;0,47279
27/09/2023;0,47279
28/09/2023;0,47279
29/09/2023;0,47279
02/10/2023;0,47279
03/10/2023;0,47279
04/10/2023;0,47279
05/10/2023;0,47279
06/10/2023;0,47279
09/10/2023;0,47279
10/10/2023;0,47279
11/10/2023;0,47279
13/10/2023;0,47279
16/10/2023;0,47279
17/10/2023;0,47279
18/10/2023;0,47279
19/10/2023;0,47279
20/10/2023;0,47279
23/10/2023;0,47279
24/10/2023;0,47279
25/10/2023;0,47279
26/10/2023;0,47279
27/10/2023;0,47279
30/10/2023;0,47279
31/10/2023;0,47279
01/11/2023;0,47279
03/11/2023;0,45513
06/11/2023;0,45513
07/11/2023;0,45513
08/11/2023;0,45513
09/11/2023;0,45513
10/11/2023;0,45513
13/11/2023;0,45513
14/11/2023;0,45513
16/11/2023;0,45513
17/11/2023;0,45513
20/11/2023;0,45513
21/11/2023;0,45513
22/11/2023;0,45513
23/11/2023;0,45513
24/11/2023;0,45513
27/11/2023;0,45513
28/11/2023;0,45513
29/11/2023;0,45513
30/11/2023;0,45513
01/12/2023;0,45513
04/12/2023;0,45513
05/12/2023;0,45513
06/12/2023;0,45513
07/12/2023;0,45513
08/12/2023;0,45513
11/12/2023;0,45513
12/12/2023;0,45513
13/12/2023;0,45513
14/12/2023;0,43739
15/12/2023;0,43739
18/12/2023;0,43739
19/12/2023;0,43739
20/12/2023;0,43739
21/12/2023;0,43739
22/12/2023;0,43739
26/12/2023;0,43739
27/12/2023;0,43739
28/12/2023;0,43739
29/12/2023;0,43739
02/01/2024;0,43739
03/01/2024;0,43739
04/01/2024;0,43739
05/01/2024;0,43739
08/01/2024;0,43739
09/01/2024;0,43739
10/01/2024;0,43739
11/01/2024;0,43739
12/01/2024;0,43739
15/01/2024;0,43739
16/01/2024;0,43739
17/01/2024;0,43739
18/01/2024;0,43739
19/01/2024;0,43739
22/01/2024;0,43739
23/01/2024;0,43739
24/01/2024;0,43739
25/01/2024;0,43739
26/01/2024;0,43739
29/01/2024;0,43739
30/01/2024;0,43739
31/01/2024;0,43739
01/02/2024;0,41957
02/02/2024;0,41957
05/02/2024;0,41957
06/02/2024;0,41957
07/02/2024;0,41957
08/02/2024;0,41957
09/02/2024;0,41957
14/02/2024;0,41957
15/02/2024;0,41957
16/02/2024;0,41957
19/02/2024;0,41957
20/02/2024;0,41957
21/02/2024;0,41957
22/02/2024;0,41957
23/02/2024;0,41957
26/02/2024;0,41957
27/02/2024;0,41957
28/02/2024;0,41957
29/02/2024;0,41957
01/03/2024;0,41957
04/03/2024;0,41957
05/03/2024;0,41957
06/03/2024;0,41957
07/03/2024;0,41957
08/03/2024;0,41957
11/03/2024;0,41957
12/03/2024;0,41957
13/03/2024;0,41957
14/03/2024;0,41957
15/03/2024;0,41957
18/03/2024;0,41957
19/03/2024;0,41957
20/03/2024;0,41957
21/03/2024;0,40168
22/03/2024;0,40168
25/03/2024;0,40168
26/03/2024;0,40168
27/03/2024;0,40168
28/03/2024;0,40168
01/04/2024;0,40168
02/04/2024;0,40168
03/04/2024;0,40168
04/04/2024;0,40168
05/04/2024;0,40168
08/04/2024;0,40168
09/04/2024;0,40168
10/04/2024;0,40168
11/04/2024;0,40168
12/04/2024;0,40168
15/04/2024;0,40168
16/04/2024;0,40168
17/04/2024;0,40168
18/04/2024;0,40168
19/04/2024;0,40168
22/04/2024;0,40168
23/04/2024;0,40168
24/04/2024;0,40168
25/04/2024;0,40168
26/04/2024;0,40168
29/04/2024;0,40168
30/04/2024;0,40168
02/05/2024;0,40168
03/05/2024;0,40168
06/05/2024;0,40168
07/05/2024;0,40168
08/05/2024;0,40168
09/05/2024;0,39270
10/05/2024;0,39270
13/05/2024;0,39270
14/05/2024;0,39270
15/05/2024;0,39270
16/05/2024;0,39270
17/05/2024;0,39270
20/05/2024;0,39270
21/05/2024;0,39270
22/05/2024;0,39270
23/05/2024;0,39270
24/05/2024;0,39270
27/05/2024;0,39270
28/05/2024;0,39270
29/05/2024;0,39270
31/05/2024;0,39270
03/06/2024;0,39270
04/06/2024;0,39270
05/06/2024;0,39270
06/06/2024;0,39270
07/06/2024;0,39270
10/06/2024;0,39270
11/06/2024;0,39270
12/06/2024;0,39270
13/06/2024;0,39270
14/06/2024;0,39270
17/06/2024;0,39270
18/06/2024;0,39270
19/06/2024;0,39270
20/06/2024;0,39270
21/06/2024;0,39270
24/06/2024;0,39270
25/06/2024;0,39270
26/06/2024;0,39270
27/06/2024;0,39270
28/06/2024;0,39270
01/07/2024;0,39270
02/07/2024;0,39270
03/07/2024;0,39270
04/07/2024;0,39270
05/07/2024;0,39270
08/07/2024;0,39270
09/07/2024;0,39270
10/07/2024;0,39270
11/07/2024;0,39270
12/07/2024;0,39270
15/07/2024;0,39270
16/07/2024;0,39270
17/07/2024;0,39270
18/07/2024;0,39270
19/07/2024;0,39270
22/07/2024;0,39270
23/07/2024;0,39270
24/07/2024;0,39270
25/07/2024;0,39270
26/07/2024;0,39270
29/07/2024;0,39270
30/07/2024;0,39270
31/07/2024;0,39270
01/08/2024;0,39270
02/08/2024;0,39270
05/08/2024;0,39270
06/08/2024;0,39270
07/08/2024;0,39270
08/08/2024;0,39270
09/08/2024;0,39270
12/08/2024;0,39270
13/08/2024;0,39270
14/08/2024;0,39270
15/08/2024;0,39270
16/08/2024;0,39270
19/08/2024;0,39270
20/08/2024;0,39270
21/08/2024;0,39270
22/08/2024;0,39270
23/08/2024;0,39270
26/08/2024;0,39270
27/08/2024;0,39270
28/08/2024;0,39270
29/08/2024;0,39270
30/08/2024;0,39270
02/09/2024;0,39270
03/09/2024;0,39270
04/09/2024;0,39270
05/09/2024;0,39270
06/09/2024;0,39270
09/09/2024;0,39270
10/09/2024;0,39270
11/09/2024;0,39270
12/09/2024;0,39270
13/09/2024;0,39270
16/09/2024;0,39270
17/09/2024;0,39270
18/09/2024;0,39270
19/09/2024;0,40168
20/09/2024;0,40168
23/09/2024;0,40168
24/09/2024;0,40168
25/09/2024;0,40168
26/09/2024;0,40168
27/09/2024;0,40168
30/09/2024;0,40168
01/10/2024;0,40168
02/10/2024;0,40168
03/10/2024;0,40168
04/10/2024;0,40168
07/10/2024;0,40168
08/10/2024;0,40168
09/10/2024;0,40168
10/10/2024;0,40168
11/10/2024;0,40168
14/10/2024;0,40168
15/10/2024;0,40168
16/10/2024;0,40168
17/10/2024;0,40168
18/10/2024;0,40168
21/10/2024;0,40168
22/10/2024;0,40168
23/10/2024;0,40168
24/10/2024;0,40168
25/10/2024;0,40168
28/10/2024;0,40168
29/10/2024;0,40168
30/10/2024;0,40168
31/10/2024;0,40168
01/11/2024;0,40168
04/11/2024;0,40168
05/11/2024;0,40168
06/11/2024;0,40168
07/11/2024;0,41957
08/11/2024;0,41957
11/11/2024;0,41957
12/11/2024;0,41957
13/11/2024;0,41957
14/11/2024;0,41957
18/11/2024;0,41957
19/11/2024;0,41957
21/11/2024;0,41957
22/11/2024;0,41957
25/11/2024;0,41957
26/11/2024;0,41957
27/11/2024;0,41957
28/11/2024;0,41957
29/11/2024;0,41957
02/12/2024;0,41957
03/12/2024;0,41957
04/12/2024;0,41957
05/12/2024;0,41957
06/12/2024;0,41957
09/12/2024;0,41957
10/12/2024;0,41957
11/12/2024;0,41957
12/12/2024;0,45513
13/12/2024;0,45513
16/12/2024;0,45513
17/12/2024;0,45513
18/12/2024;0,45513
19/12/2024;0,45513
20/12/2024;0,45513
23/12/2024;0,45513
24/12/2024;0,45513
26/12/2024;0,45513
27/12/2024;0,45513
30/12/2024;0,45513
31/12/2024;0,45513
02/01/2025;0,45513
03/01/2025;0,45513
06/01/2025;0,45513
07/01/2025;0,45513
08/01/2025;0,45513
09/01/2025;0,45513
10/01/2025;0,45513
13/01/2025;0,45513
14/01/2025;0,45513
15/01/2025;0,45513
16/01/2025;0,45513
17/01/2025;0,45513
20/01/2025;0,45513
21/01/2025;0,45513
22/01/2025;0,45513
23/01/2025;0,45513
24/01/2025;0,45513
27/01/2025;0,45513
28/01/2025;0,45513
29/01/2025;0,45513
30/01/2025;0,49037
31/01/2025;0,49037
03/02/2025;0,49037
04/02/2025;0,49037
05/02/2025;0,49037
06/02/2025;0,49037
07/02/2025;0,49037
10/02/2025;0,49037
11/02/2025;0,49037
12/02/2025;0,49037
13/02/2025;0,49037
14/02/2025;0,49037
17/02/2025;0,49037
18/02/2025;0,49037
19/02/2025;0,49037
20/02/2025;0,49037
21/02/2025;0,49037
24/02/2025;0,49037
25/02/2025;0,49037
26/02/2025;0,49037
27/02/2025;0,49037
28/02/2025;0,49037
05/03/2025;0,49037
06/03/2025;0,49037
07/03/2025;0,49037
10/03/2025;0,49037
11/03/2025;0,49037
12/03/2025;0,49037
13/03/2025;0,49037
14/03/2025;0,49037
17/03/2025;0,49037
18/03/2025;0,49037
19/03/2025;0,49037
20/03/2025;0,52531
21/03/2025;0,52531
24/03/2025;0,52531
25/03/2025;0,52531
26/03/2025;0,52531
27/03/2025;0,52531
28/03/2025;0,52531
31/03/2025;0,52531
01/04/2025;0,52531
02/04/2025;0,52531
03/04/2025;0,52531
04/04/2025;0,52531
07/04/2025;0,52531
08/04/2025;0,52531
09/04/2025;0,52531
10/04/2025;0,52531
11/04/2025;0,52531
14/04/2025;0,52531
15/04/2025;0,52531
16/04/2025;0,52531
17/04/2025;0,52531
22/04/2025;0,52531
23/04/2025;0,52531
24/04/2025;0,52531
25/04/2025;0,52531
28/04/2025;0,52531
29/04/2025;0,52531
30/04/2025;0,52531
02/05/2025;0,52531
05/05/2025;0,52531
06/05/2025;0,52531
07/05/2025;0,52531
08/05/2025;0,54266
09/05/2025;0,54266
12/05/2025;0,54266
13/05/2025;0,54266
14/05/2025;0,54266
15/05/2025;0,54266
16/05/2025;0,54266
19/05/2025;0,54266
20/05/2025;0,54266
21/05/2025;0,54266
22/05/2025;0,54266
23/05/2025;0,54266
26/05/2025;0,54266
27/05/2025;0,54266
28/05/2025;0,54266
29/05/2025;0,54266
30/05/2025;0,54266
02/06/2025;0,54266
03/06/2025;0,54266
04/06/2025;0,54266
05/06/2025;0,54266
06/06/2025;0,54266
Fonte;BCB-Demab,
